date,ULG95_SG,DIESEL_SG,DUBAI
2002-02-01,22.8,,19.09
2002-02-04,23.35,,18.73
2002-02-05,23.15,,18.48
2002-02-06,23.55,,18.23
2002-02-07,23.8,,18.29
2002-02-08,25.3,,18.64
2002-02-11,25.3,,19.82
2002-02-12,,,19.1
2002-02-13,,,19.3
2002-02-14,24.6,,19.22
2002-02-15,24.95,,19.41
2002-02-18,23.9,,18.79
2002-02-19,23.8,,18.74
2002-02-20,24.35,,18.53
2002-02-21,23.4,,18.79
2002-02-22,24.1,,18.85
2002-02-25,24.1,,18.89
2002-02-26,24.4,,19.67
2002-02-27,24.83,,19.58
2002-02-28,25.2,,20.25
2002-03-01,25.1,,20.76
2002-03-04,25.7,,20.9
2002-03-05,26.0,,21.72
2002-03-06,27.1,,21.84
2002-03-07,27.25,,22.27
2002-03-08,27.2,,22.46
2002-03-11,27.7,,23.0
2002-03-12,27.45,,22.9
2002-03-13,27.7,,22.82
2002-03-14,27.4,,23.35
2002-03-15,28.6,,23.21
2002-03-18,28.4,,23.56
2002-03-19,29.7,,23.36
2002-03-20,29.7,,23.22
2002-03-21,28.95,,23.96
2002-03-22,29.3,,24.01
2002-03-25,29.05,,23.86
2002-03-26,27.5,,23.83
2002-03-27,29.1,,23.88
2002-03-28,29.7,,24.4
2002-04-01,31.2,,24.63
2002-04-02,31.05,,25.86
2002-04-03,31.3,,25.59
2002-04-04,31.8,,24.96
2002-04-05,30.5,,24.83
2002-04-08,30.7,,24.94
2002-04-09,31.0,,24.05
2002-04-10,31.3,,24.19
2002-04-11,30.55,,23.29
2002-04-12,29.4,,21.98
2002-04-15,29.15,,22.92
2002-04-16,29.1,,23.52
2002-04-17,29.9,,24.29
2002-04-18,30.1,,24.58
2002-04-19,29.45,,24.73
2002-04-22,30.35,,24.785
2002-04-23,29.65,,24.765
2002-04-24,29.1,,24.5
2002-04-25,28.85,,24.81
2002-04-26,29.1,,25.09
2002-04-29,29.33,,25.6
2002-04-30,29.63,,25.45
2002-05-01,29.63,,24.58
2002-05-02,29.4,,24.33
2002-05-03,30.1,,24.55
2002-05-06,29.7,,24.2
2002-05-07,29.5,,24.54
2002-05-08,29.75,,25.01
2002-05-09,30.45,,25.15
2002-05-10,30.45,,25.43
2002-05-13,30.15,,25.77
2002-05-14,30.78,,26.27
2002-05-15,30.88,,25.23
2002-05-16,30.43,,25.46
2002-05-17,30.33,,25.35
2002-05-20,29.83,,25.18
2002-05-21,29.9,,24.49
2002-05-22,29.55,,24.73
2002-05-23,30.18,,24.48
2002-05-24,29.4,,24.32
2002-05-27,,,23.98
2002-05-28,28.75,,23.93
2002-05-29,28.3,,23.99
2002-05-30,28.3,,23.35
2002-05-31,28.25,,23.73
2002-06-03,28.35,,23.96
2002-06-04,28.9,,24.19
2002-06-05,28.25,,23.73
2002-06-06,28.75,,23.97
2002-06-07,28.45,,23.61
2002-06-10,27.85,,23.28
2002-06-11,27.8,,23.08
2002-06-12,27.53,,22.88
2002-06-13,28.0,,23.32
2002-06-14,28.93,,23.88
2002-06-17,29.63,,24.18
2002-06-18,28.93,,24.08
2002-06-19,28.6,,23.96
2002-06-20,28.5,,23.96
2002-06-21,29.1,,24.16
2002-06-24,29.0,,24.09
2002-06-25,29.0,,24.66
2002-06-26,28.3,,24.29
2002-06-27,28.4,,24.42
2002-06-28,28.5,,24.61
2002-07-01,28.1,,24.41
2002-07-02,28.6,,24.59
2002-07-03,28.6,,24.66
2002-07-04,28.2,,24.48
2002-07-05,27.8,,24.21
2002-07-08,27.55,,24.28
2002-07-09,26.7,,23.91
2002-07-10,27.23,,24.21
2002-07-11,27.48,,24.67
2002-07-12,27.63,,24.86
2002-07-15,28.33,,25.27
2002-07-16,27.93,,24.77
2002-07-17,28.48,,25.23
2002-07-18,28.9,,25.26
2002-07-19,29.3,,25.16
2002-07-22,28.95,,25.18
2002-07-23,28.05,,24.66
2002-07-24,28.2,,24.69
2002-07-25,28.38,,24.7
2002-07-26,28.4,,24.48
2002-07-29,27.9,,24.29
2002-07-30,28.5,,24.52
2002-07-31,29.45,,24.88
2002-08-01,28.85,,24.46
2002-08-02,27.8,,23.93
2002-08-05,27.63,,24.43
2002-08-06,26.78,,24.03
2002-08-07,27.03,,24.37
2002-08-08,26.25,,24.0
2002-08-09,,,24.29
2002-08-12,26.85,,24.4
2002-08-13,27.25,,24.76
2002-08-14,27.75,,25.13
2002-08-15,27.9,,25.05
2002-08-16,28.25,,25.55
2002-08-19,28.2,,25.65
2002-08-20,28.43,,26.0
2002-08-21,28.18,,25.87
2002-08-22,28.65,,26.38
2002-08-23,28.4,,25.97
2002-08-26,28.4,,26.09
2002-08-27,29.25,,26.59
2002-08-28,29.25,,26.03
2002-08-29,29.6,,25.96
2002-08-30,30.23,,26.31
2002-09-02,30.13,,26.24
2002-09-03,29.88,,26.07
2002-09-04,29.25,,25.58
2002-09-05,29.73,,26.2
2002-09-06,30.55,,26.87
2002-09-09,30.7,,26.89
2002-09-10,30.25,,27.07
2002-09-11,30.35,,27.0
2002-09-12,30.3,,27.07
2002-09-13,30.0,,26.49
2002-09-16,30.5,,26.9
2002-09-17,30.2,,26.25
2002-09-18,30.5,,26.71
2002-09-19,30.4,,26.64
2002-09-20,30.41,,26.66
2002-09-23,31.15,,26.98
2002-09-24,31.75,,27.63
2002-09-25,31.05,,27.17
2002-09-26,31.1,,27.39
2002-09-27,30.83,,27.41
2002-09-30,31.23,,27.5
2002-10-01,31.1,,27.54
2002-10-02,31.73,,27.76
2002-10-03,31.15,,27.64
2002-10-04,30.9,,27.42
2002-10-07,30.98,,27.33
2002-10-08,30.85,,26.9
2002-10-09,30.8,,26.77
2002-10-10,29.9,,26.53
2002-10-11,29.9,,26.55
2002-10-14,29.3,,26.68
2002-10-15,29.55,,27.0
2002-10-16,29.7,,26.9
2002-10-17,29.85,,26.6
2002-10-18,30.05,,26.8
2002-10-21,29.5,,26.5
2002-10-22,28.93,,25.79
2002-10-23,28.7,,25.56
2002-10-24,28.43,,25.86
2002-10-25,28.58,,25.61
2002-10-28,27.9,,24.81
2002-10-29,27.9,,24.48
2002-10-30,27.85,,24.18
2002-10-31,28.3,,24.13
2002-11-01,29.3,,24.47
2002-11-04,29.3,,23.78
2002-11-05,28.8,,23.77
2002-11-06,28.35,,22.87
2002-11-07,28.05,,22.77
2002-11-08,27.8,,22.46
2002-11-11,27.9,,22.53
2002-11-12,27.5,,22.51
2002-11-13,27.4,,22.76
2002-11-14,26.65,,21.8
2002-11-15,26.45,,22.12
2002-11-18,26.78,,22.47
2002-11-19,27.65,,23.4
2002-11-20,27.4,,23.16
2002-11-21,28.1,,24.05
2002-11-22,27.63,,23.97
2002-11-25,28.9,,24.57
2002-11-26,27.68,,23.83
2002-11-27,27.8,,24.11
2002-11-28,27.8,,24.22
2002-11-29,27.45,,23.98
2002-12-02,28.15,,
2002-12-03,29.38,,23.88
2002-12-04,29.05,,24.39
2002-12-05,28.88,,24.12
2002-12-06,28.88,,24.1
2002-12-09,28.9,,24.5
2002-12-10,28.6,,24.45
2002-12-11,29.0,,24.3
2002-12-12,28.58,,24.77
2002-12-13,28.95,,24.72
2002-12-16,29.35,,25.43
2002-12-17,30.75,,25.7
2002-12-18,30.95,,26.33
2002-12-19,32.13,,26.17
2002-12-20,31.35,,26.97
2002-12-23,31.88,,26.44
2002-12-24,31.63,,26.98
2002-12-25,,,27.52
2002-12-26,31.08,,27.1
2002-12-27,31.8,,27.76
2002-12-30,32.4,,27.76
2002-12-31,32.2,,28.01
2003-01-02,32.8,,26.6
2003-01-03,33.4,,26.9
2003-01-06,33.85,,27.56
2003-01-07,32.55,,26.66
2003-01-08,32.25,,26.5
2003-01-09,31.95,,26.72
2003-01-10,32.45,,27.13
2003-01-13,31.93,,26.89
2003-01-14,32.43,,27.3
2003-01-15,33.15,,27.89
2003-01-16,34.2,,27.98
2003-01-17,35.0,,28.25
2003-01-20,35.0,,28.48
2003-01-21,35.35,,28.94
2003-01-22,35.25,,28.78
2003-01-23,34.95,,28.82
2003-01-24,34.78,,28.76
2003-01-27,35.63,,29.35
2003-01-28,36.2,,28.92
2003-01-29,36.43,,29.0
2003-01-30,37.68,,29.48
2003-01-31,38.33,,29.6
2003-02-04,36.65,,28.56
2003-02-05,37.7,,29.28
2003-02-06,38.33,,29.32
2003-02-07,39.0,,29.59
2003-02-10,40.5,,30.23
2003-02-11,40.45,,29.6
2003-02-12,0.0,,
2003-02-13,40.83,,30.28
2003-02-14,40.95,,30.46
2003-02-17,40.2,,29.91
2003-02-18,39.9,,29.7
2003-02-19,40.0,,30.26
2003-02-20,40.0,,30.25
2003-02-21,40.28,,29.93
2003-02-24,41.08,,30.54
2003-02-25,41.75,,31.18
2003-02-26,41.13,,30.27
2003-02-27,41.83,,30.62
2003-02-28,41.88,,30.34
2003-03-03,40.7,,29.34
2003-03-04,41.15,,29.32
2003-03-05,41.9,,30.09
2003-03-06,42.35,,29.93
2003-03-07,43.18,,30.11
2003-03-10,44.1,,30.88
2003-03-11,43.13,,30.19
2003-03-12,41.25,,29.85
2003-03-13,41.65,,30.38
2003-03-14,39.6,,29.53
2003-03-17,38.8,,28.14
2003-03-18,35.5,,25.98
2003-03-19,34.05,,25.57
2003-03-20,32.2,,24.82
2003-03-21,31.8,,23.73
2003-03-24,31.9,,23.55
2003-03-25,32.75,,24.99
2003-03-26,31.15,,23.97
2003-03-27,32.75,,24.43
2003-03-28,34.4,,25.4
2003-03-31,33.38,,24.77
2003-04-01,32.13,,24.51
2003-04-02,29.15,,23.54
2003-04-03,28.03,,23.44
2003-04-04,28.05,,23.34
2003-04-07,27.23,,22.36
2003-04-08,28.73,,23.27
2003-04-09,28.85,,23.32
2003-04-10,28.9,,23.47
2003-04-11,28.65,,23.03
2003-04-14,29.6,,23.22
2003-04-15,29.2,,23.43
2003-04-16,29.23,,23.74
2003-04-17,29.5,,23.89
2003-04-21,29.95,,24.53
2003-04-22,29.75,,24.52
2003-04-23,29.08,,24.32
2003-04-24,28.03,,23.3
2003-04-25,28.38,,23.42
2003-04-28,27.55,,22.98
2003-04-29,26.65,,22.42
2003-04-30,27.03,,22.68
2003-05-02,27.38,,23.36
2003-05-05,26.23,,22.91
2003-05-06,26.83,,23.38
2003-05-07,26.9,,22.96
2003-05-08,27.65,,23.31
2003-05-09,28.4,,23.89
2003-05-12,28.73,,24.3
2003-05-13,27.83,,24.0
2003-05-14,29.05,,24.73
2003-05-15,0.0,,24.73
2003-05-16,28.75,,24.42
2003-05-19,30.38,,25.05
2003-05-20,29.98,,24.34
2003-05-21,29.3,,24.62
2003-05-22,29.4,,24.9
2003-05-23,29.75,,25.12
2003-05-26,29.65,,25.15
2003-05-27,30.2,,25.42
2003-05-28,29.6,,25.34
2003-05-29,28.83,,24.68
2003-05-30,29.78,,25.3
2003-06-02,30.2,,25.1
2003-06-03,30.68,,25.44
2003-06-04,30.7,,25.33
2003-06-05,30.7,,24.85
2003-06-06,32.2,,25.62
2003-06-09,32.63,,25.67
2003-06-10,31.8,,25.72
2003-06-11,32.25,,25.92
2003-06-12,32.38,,25.96
2003-06-13,31.58,,25.43
2003-06-16,31.03,,25.11
2003-06-17,31.3,,25.44
2003-06-18,30.8,,25.21
2003-06-19,30.35,,24.74
2003-06-20,31.15,,25.29
2003-06-23,31.93,,25.84
2003-06-24,31.43,,25.5
2003-06-25,32.0,,25.41
2003-06-26,32.8,,26.21
2003-06-27,32.28,,25.74
2003-06-30,33.28,,26.09
2003-07-01,33.53,,26.4
2003-07-02,33.58,,26.53
2003-07-03,33.5,,26.62
2003-07-04,33.35,,26.31
2003-07-07,33.78,,26.33
2003-07-08,33.75,,25.95
2003-07-09,34.6,,26.61
2003-07-10,35.1,,27.06
2003-07-11,35.08,,27.17
2003-07-14,35.48,,27.36
2003-07-15,35.13,,27.03
2003-07-16,35.28,,27.16
2003-07-17,34.85,,26.93
2003-07-18,34.88,,27.08
2003-07-21,34.98,,27.26
2003-07-22,34.55,,26.91
2003-07-23,34.18,,26.27
2003-07-24,34.58,,26.41
2003-07-25,34.65,,26.63
2003-07-28,34.63,,26.4
2003-07-29,34.95,,26.51
2003-07-30,35.35,,26.65
2003-07-31,35.75,,26.94
2003-08-01,36.2,,26.74
2003-08-04,37.33,,27.75
2003-08-05,37.03,,27.74
2003-08-06,38.1,,28.35
2003-08-07,38.38,,27.94
2003-08-08,38.73,,28.21
2003-08-11,38.23,,27.91
2003-08-12,37.78,,27.82
2003-08-13,38.43,,28.07
2003-08-14,37.55,,27.25
2003-08-15,38.03,,27.6
2003-08-18,37.98,,27.56
2003-08-19,37.58,,27.05
2003-08-20,36.55,,26.77
2003-08-21,36.95,,27.33
2003-08-22,36.43,,27.93
2003-08-25,36.65,,28.05
2003-08-26,36.45,,27.87
2003-08-27,36.18,,27.78
2003-08-28,36.03,,27.51
2003-08-29,36.75,,27.63
2003-09-01,35.98,,27.45
2003-09-02,36.18,,27.15
2003-09-03,34.75,,25.88
2003-09-04,34.65,,26.08
2003-09-05,34.53,,25.34
2003-09-08,34.68,,25.54
2003-09-09,33.83,,25.55
2003-09-10,33.1,,25.55
2003-09-11,33.45,,25.88
2003-09-12,33.1,,25.4
2003-09-15,32.28,,25.03
2003-09-16,32.35,,25.12
2003-09-17,31.33,,24.7
2003-09-18,31.03,,24.23
2003-09-19,31.3,,24.39
2003-09-22,30.9,,24.05
2003-09-23,31.5,,24.51
2003-09-24,31.18,,24.31
2003-09-25,32.68,,25.57
2003-09-26,32.95,,25.28
2003-09-29,33.03,,25.55
2003-09-30,33.78,,25.58
2003-10-01,34.75,,25.99
2003-10-02,34.38,,26.3
2003-10-03,34.2,,26.52
2003-10-06,34.78,,27.13
2003-10-07,34.28,,26.75
2003-10-08,34.88,,26.94
2003-10-09,35.15,,26.78
2003-10-10,36.53,,27.85
2003-10-13,36.88,,28.29
2003-10-14,36.35,,28.24
2003-10-15,36.35,,28.28
2003-10-16,36.75,,28.67
2003-10-17,36.25,,28.25
2003-10-20,35.15,,27.3
2003-10-21,35.9,,27.49
2003-10-22,35.6,,27.44
2003-10-23,35.35,,26.99
2003-10-24,0.0,,
2003-10-27,35.95,,27.44
2003-10-28,35.93,,27.15
2003-10-29,35.88,,27.23
2003-10-30,35.4,,26.55
2003-10-31,35.4,,26.51
2003-11-03,35.98,,26.66
2003-11-04,35.63,,26.12
2003-11-05,35.28,,26.19
2003-11-06,35.775,,27.055
2003-11-07,36.03,,27.24
2003-11-10,36.55,,27.92
2003-11-11,36.25,,27.78
2003-11-12,35.1,,27.85
2003-11-13,35.45,,27.985
2003-11-14,36.15,,28.185
2003-11-17,36.975,,28.095
2003-11-18,36.35,,27.81
2003-11-19,36.375,,28.96
2003-11-20,36.05,,28.44
2003-11-21,36.28,,28.74
2003-11-24,35.125,,28.03
2003-11-25,0.0,,28.03
2003-11-26,34.55,,27.36
2003-11-27,35.03,,27.48
2003-11-28,34.825,,27.605
2003-12-01,36.075,,26.805
2003-12-02,35.85,,26.8
2003-12-03,36.625,,27.4
2003-12-04,37.28,,27.79
2003-12-05,37.475,,27.52
2003-12-08,38.1,,27.61
2003-12-09,39.225,,28.33
2003-12-10,39.2,,28.37
2003-12-11,40.175,,28.02
2003-12-12,40.45,,28.26
2003-12-15,41.1,,28.435
2003-12-16,40.65,,29.15
2003-12-17,40.1,,28.87
2003-12-18,40.4,,29.225
2003-12-19,40.625,,29.405
2003-12-22,40.125,,28.425
2003-12-23,40.1,,27.5
2003-12-24,40.1,,27.965
2003-12-26,0.0,,
2003-12-29,41.45,,27.88
2003-12-30,42.0,,27.99
2003-12-31,42.88,,28.42
2004-01-02,42.55,,28.12
2004-01-05,43.125,,28.115
2004-01-06,44.9,,29.05
2004-01-07,45.5,,28.93
2004-01-08,47.4,,29.04
2004-01-09,49.25,,29.53
2004-01-12,48.8,,29.52
2004-01-13,49.025,,29.74
2004-01-14,46.4,,29.17
2004-01-15,44.5,,29.24
2004-01-16,44.225,,28.24
2004-01-19,43.75,,29.03
2004-01-20,43.5,,29.13
2004-01-21,42.95,,29.27
2004-01-22,0.0,,29.27
2004-01-23,0.0,,29.27
2004-01-26,41.125,,29.02
2004-01-27,40.45,,28.825
2004-01-28,41.35,,28.63
2004-01-29,41.875,,28.34
2004-01-30,40.1,,27.815
2004-02-02,40.1,,27.815
2004-02-03,39.35,,28.21
2004-02-04,39.025,,27.885
2004-02-05,37.425,,27.27
2004-02-06,36.975,,27.72
2004-02-09,36.775,,27.42
2004-02-10,36.7,,27.655
2004-02-11,37.8,,28.36
2004-02-12,36.7,,28.16
2004-02-13,38.275,,28.56
2004-02-16,38.6,,28.94
2004-02-17,39.025,,28.99
2004-02-18,40.475,,29.53
2004-02-19,42.3,,29.3
2004-02-20,42.4,,29.36
2004-02-23,42.5,,28.83
2004-02-24,43.25,,29.31
2004-02-25,42.4,,29.1
2004-02-26,43.925,,29.67
2004-02-27,43.55,,29.4
2004-03-01,44.575,,30.16
2004-03-02,45.325,,30.81
2004-03-03,44.175,,30.49
2004-03-04,43.475,,30.1
2004-03-05,44.7,,30.9
2004-03-08,45.45,,31.0
2004-03-09,44.35,,30.84
2004-03-10,43.8,,30.27
2004-03-11,44.825,,30.27
2004-03-12,44.6,,31.17
2004-03-15,43.5,,30.55
2004-03-16,43.3,,30.96
2004-03-17,42.9,,30.86
2004-03-18,44.3,,31.6
2004-03-19,43.325,,31.37
2004-03-22,43.4,,31.27
2004-03-23,43.425,,31.37
2004-03-24,44.025,,31.9
2004-03-25,43.425,,31.22
2004-03-26,43.425,,30.64
2004-03-29,43.475,,30.12
2004-03-30,44.65,,30.5
2004-03-31,45.8,,31.12
2004-04-01,44.225,,30.22
2004-04-02,43.625,,29.87
2004-04-05,43.05,,29.12
2004-04-06,43.225,,29.3
2004-04-07,43.575,,29.96
2004-04-08,43.425,,31.39
2004-04-09,43.425,,
2004-04-12,44.55,,32.08
2004-04-13,44.6,,32.35
2004-04-14,43.85,,31.94
2004-04-15,43.425,,31.85
2004-04-16,44.275,,32.6
2004-04-19,44.025,,32.35
2004-04-20,43.75,,32.12
2004-04-21,42.925,,31.77
2004-04-22,43.025,,31.67
2004-04-23,44.325,,32.22
2004-04-26,44.225,,32.33
2004-04-27,44.3,,32.72
2004-04-28,44.975,,33.17
2004-04-29,45.45,,32.82
2004-04-30,46.975,,33.52
2004-05-03,47.1,,32.56
2004-05-04,48.2,,32.81
2004-05-05,49.825,,33.5
2004-05-06,50.65,,34.52
2004-05-07,50.525,,34.57
2004-05-10,48.875,,33.8
2004-05-11,46.5,,33.57
2004-05-12,48.2,,34.92
2004-05-13,48.75,,35.19
2004-05-14,49.575,,35.825
2004-05-17,50.075,,36.22
2004-05-18,50.7,,35.77
2004-05-19,50.75,,34.93
2004-05-20,52.05,,36.1
2004-05-21,51.175,,35.12
2004-05-24,49.65,,34.3
2004-05-25,51.2,,35.81
2004-05-26,50.725,,35.28
2004-05-27,49.95,,34.65
2004-05-28,49.3,,34.87
2004-05-31,50.175,,35.12
2004-06-02,51.825,,35.52
2004-06-03,50.725,,35.36
2004-06-04,48.9,,33.92
2004-06-07,47.48,,33.48
2004-06-08,46.775,,33.75
2004-06-09,44.95,,32.93
2004-06-10,45.5,,33.5
2004-06-11,45.03,,33.7
2004-06-14,44.2,,33.54
2004-06-15,43.45,,32.73
2004-06-16,43.9,,32.97
2004-06-17,44.53,,33.6
2004-06-18,45.65,,34.5
2004-06-21,45.2,,33.9
2004-06-22,44.7,,33.35
2004-06-23,44.85,,33.6
2004-06-24,44.03,,32.95
2004-06-25,43.43,,33.03
2004-06-28,42.83,,32.51
2004-06-29,41.15,,31.68
2004-06-30,39.85,,31.44
2004-07-01,40.15,,32.31
2004-07-02,43.45,,34.1
2004-07-05,44.53,,34.23
2004-07-06,45.53,,34.65
2004-07-07,46.03,,34.46
2004-07-08,46.73,,34.6
2004-07-09,47.53,,34.75
2004-07-12,47.38,,34.5
2004-07-13,46.15,,33.72
2004-07-14,46.18,,34.1
2004-07-15,46.18,,35.15
2004-07-16,46.68,,35.07
2004-07-19,47.33,,34.88
2004-07-20,47.9,,34.91
2004-07-21,46.5,,34.36
2004-07-22,46.83,,34.37
2004-07-23,47.13,,34.89
2004-07-26,47.1,,35.29
2004-07-27,47.55,,35.16
2004-07-28,47.95,,35.24
2004-07-29,48.4,,35.64
2004-07-30,50.3,,35.96
2004-08-02,50.45,,37.05
2004-08-03,50.85,,37.5
2004-08-04,50.83,,37.7
2004-08-05,50.73,,37.0
2004-08-06,51.18,,37.95
2004-08-09,0.0,,
2004-08-10,50.8,,38.1
2004-08-11,51.05,,38.15
2004-08-12,51.65,,38.54
2004-08-13,52.25,,38.9
2004-08-16,52.88,,39.85
2004-08-17,52.13,,39.64
2004-08-18,52.75,,40.27
2004-08-19,53.9,,40.38
2004-08-20,55.18,,41.26
2004-08-23,53.68,,40.71
2004-08-24,52.3,,39.51
2004-08-25,51.38,,39.1
2004-08-26,49.95,,37.4
2004-08-27,49.63,,37.13
2004-08-30,49.53,,37.21
2004-08-31,48.38,,36.16
2004-09-01,47.5,,35.44
2004-09-02,49.0,,36.35
2004-09-03,48.75,,35.8
2004-09-06,48.08,,35.29
2004-09-07,47.68,,34.79
2004-09-08,47.65,,34.7
2004-09-09,47.83,,34.2
2004-09-10,49.23,,35.24
2004-09-13,47.83,,33.83
2004-09-14,47.65,,34.59
2004-09-15,47.9,,34.67
2004-09-16,47.3,,34.5
2004-09-17,47.45,,34.5
2004-09-20,48.78,,35.35
2004-09-21,49.25,,35.28
2004-09-22,49.5,,35.25
2004-09-23,50.25,,36.02
2004-09-24,50.8,,36.16
2004-09-27,51.18,,36.79
2004-09-28,51.93,,38.12
2004-09-29,52.13,,37.75
2004-09-30,51.75,,37.5
2004-10-01,52.05,,38.0
2004-10-04,52.58,,37.75
2004-10-05,53.45,,37.78
2004-10-06,54.55,,37.5
2004-10-07,54.9,,37.97
2004-10-08,54.25,,37.68
2004-10-11,55.95,,38.3
2004-10-12,57.38,,39.27
2004-10-13,55.83,,36.45
2004-10-14,56.25,,36.9
2004-10-15,55.8,,37.13
2004-10-18,55.63,,37.58
2004-10-19,52.95,,37.5
2004-10-20,53.7,,37.23
2004-10-21,55.35,,38.28
2004-10-22,55.28,,37.98
2004-10-25,55.93,,37.89
2004-10-26,54.63,,37.15
2004-10-27,55.15,,37.72
2004-10-28,54.1,,36.18
2004-10-29,53.55,,36.2
2004-11-01,55.05,,38.23
2004-11-02,52.78,,36.43
2004-11-03,52.23,,36.33
2004-11-04,53.35,,36.1
2004-11-05,52.93,,35.17
2004-11-08,52.45,,35.42
2004-11-09,52.73,,35.48
2004-11-10,51.1,,33.86
2004-11-11,0.0,,
2004-11-12,52.4,,33.75
2004-11-16,50.75,,33.05
2004-11-17,50.03,,32.16
2004-11-18,51.0,,32.92
2004-11-19,51.0,,32.73
2004-11-22,53.9,,34.55
2004-11-23,52.78,,33.87
2004-11-24,53.25,,34.72
2004-11-25,53.33,,35.46
2004-11-26,52.58,,35.08
2004-11-29,52.33,,35.52
2004-11-30,52.98,,36.57
2004-12-01,52.3,,35.63
2004-12-02,49.5,,34.1
2004-12-03,46.5,,32.98
2004-12-06,45.75,,33.65
2004-12-07,44.4,,34.17
2004-12-08,42.48,,32.5
2004-12-09,43.575,,32.83
2004-12-10,44.225,,33.48
2004-12-13,41.83,,32.67
2004-12-14,43.13,,34.01
2004-12-15,44.75,,34.2
2004-12-16,46.275,,35.32
2004-12-17,45.575,,35.29
2004-12-20,45.4,,36.46
2004-12-21,43.73,,36.0
2004-12-22,45.48,,36.04
2004-12-23,43.85,,34.65
2004-12-24,0.0,,
2004-12-27,43.13,,33.95
2004-12-28,41.9,,33.15
2004-12-29,42.88,,33.05
2004-12-30,44.43,,34.17
2005-01-03,42.92,,34.29
2005-01-04,42.55,,34.05
2005-01-05,43.09,,34.95
2005-01-06,42.34,,34.48
2005-01-07,44.43,,36.52
2005-01-10,45.8,,37.03
2005-01-11,45.11,,36.45
2005-01-12,46.01,,37.39
2005-01-13,47.5,,37.67
2005-01-14,48.29,,38.95
2005-01-17,48.63,,39.37
2005-01-18,49.4,,40.05
2005-01-19,49.39,,39.58
2005-01-20,48.56,,38.62
2005-01-21,0.0,,
2005-01-24,50.37,,40.35
2005-01-25,49.71,,40.03
2005-01-26,52.41,,40.65
2005-01-27,51.97,,40.35
2005-01-28,52.23,,39.71
2005-01-31,50.59,,37.9
2005-02-01,51.35,,39.2
2005-02-02,50.38,,38.72
2005-02-03,49.73,,38.4
2005-02-04,49.79,,38.7
2005-02-07,50.45,,38.23
2005-02-08,49.92,,37.68
2005-02-09,0.0,,
2005-02-10,0.0,,
2005-02-11,52.41,,38.94
2005-02-14,53.31,,39.12
2005-02-15,54.13,,39.43
2005-02-16,54.1,,39.33
2005-02-17,54.95,,40.15
2005-02-18,55.48,,40.05
2005-02-21,56.98,,40.58
2005-02-22,58.53,,40.9
2005-02-23,59.64,,41.53
2005-02-24,58.8,,41.95
2005-02-25,58.2,,42.0
2005-02-28,58.67,,42.72
2005-03-01,56.9,,42.72
2005-03-02,57.2,,43.15
2005-03-03,58.89,,43.9
2005-03-04,59.16,,43.95
2005-03-07,58.96,,43.98
2005-03-08,59.14,,44.3
2005-03-09,61.14,,45.47
2005-03-10,61.52,,45.58
2005-03-11,59.83,,44.82
2005-03-14,59.18,,45.7
2005-03-15,58.66,,46.4
2005-03-16,58.25,,46.2
2005-03-17,59.86,,47.93
2005-03-18,59.86,,47.35
2005-03-21,60.56,,47.85
2005-03-22,60.42,,47.78
2005-03-23,59.84,,47.35
2005-03-24,60.85,,47.0
2005-03-28,59.65,,46.75
2005-03-29,59.26,,46.2
2005-03-30,59.04,,46.52
2005-03-31,60.25,,47.6
2005-04-01,62.66,,48.3
2005-04-04,65.58,,50.3
2005-04-05,64.11,,50.1
2005-04-06,64.63,,50.0
2005-04-07,64.59,,50.1
2005-04-08,63.66,,48.12
2005-04-11,62.57,,46.85
2005-04-12,62.21,,47.89
2005-04-13,61.13,,45.885
2005-04-14,60.79,,45.04
2005-04-15,60.81,,44.87
2005-04-18,59.5,,44.12
2005-04-19,59.92,,44.46
2005-04-20,62.18,,46.27
2005-04-21,60.41,,46.51
2005-04-22,60.91,,47.61
2005-04-25,61.67,,48.28
2005-04-26,60.6,,47.37
2005-04-27,59.2,,47.03
2005-04-28,56.9,,45.68
2005-04-29,57.68,,46.5
2005-05-02,0.0,,
2005-05-03,56.06,,45.5
2005-05-04,54.11,,45.18
2005-05-05,55.11,,46.13
2005-05-06,57.39,,45.92
2005-05-09,54.62,,45.37
2005-05-10,56.43,,45.68
2005-05-11,56.05,,45.55
2005-05-12,54.64,,44.97
2005-05-13,53.64,,44.8
2005-05-16,53.0,,44.4
2005-05-17,52.65,,44.45
2005-05-18,53.3,,44.78
2005-05-19,52.14,,44.2
2005-05-20,52.63,,44.82
2005-05-23,0.0,,
2005-05-24,52.39,,45.03
2005-05-25,53.72,,44.97
2005-05-26,55.39,,46.13
2005-05-27,54.86,,46.5
2005-05-30,55.83,,46.95
2005-05-31,55.33,,46.64
2005-06-01,55.23,,47.3
2005-06-02,56.63,,49.23
2005-06-03,57.03,,49.1
2005-06-06,58.03,,49.98
2005-06-07,57.48,,49.87
2005-06-08,56.98,,49.3
2005-06-09,56.43,,49.18
2005-06-10,58.33,,50.08
2005-06-13,58.73,,49.43
2005-06-14,60.18,,51.05
2005-06-15,59.63,,50.78
2005-06-16,59.03,,50.65
2005-06-17,60.43,,51.77
2005-06-20,61.63,,52.57
2005-06-21,62.83,,52.77
2005-06-22,61.83,,52.45
2005-06-23,61.0,,52.18
2005-06-24,61.9,,53.23
2005-06-27,62.62,,53.72
2005-06-28,63.1,,54.02
2005-06-29,61.8,,52.87
2005-06-30,61.4,,52.29
2005-07-01,60.9,,51.7
2005-07-04,63.15,,53.23
2005-07-05,63.65,,53.72
2005-07-06,64.25,,54.67
2005-07-07,66.4,,55.5
2005-07-08,66.5,,55.5
2005-07-11,63.5,,53.52
2005-07-12,64.0,,53.7
2005-07-13,65.1,,54.58
2005-07-14,64.5,,53.55
2005-07-15,63.6,,51.6
2005-07-18,64.0,,52.01
2005-07-19,64.0,,50.82
2005-07-20,65.1,,51.66
2005-07-21,64.65,,50.82
2005-07-22,64.95,,50.85
2005-07-25,66.3,,51.65
2005-07-26,65.55,,51.95
2005-07-27,65.45,,52.12
2005-07-28,65.9,,52.55
2005-07-29,67.15,,53.7
2005-08-01,67.93,,54.65
2005-08-02,66.7,,54.82
2005-08-03,68.2,,55.58
2005-08-04,68.1,,54.4
2005-08-05,69.6,,54.59
2005-08-08,71.1,,55.25
2005-08-09,0.0,,
2005-08-10,72.2,,56.25
2005-08-11,72.7,,56.8
2005-08-12,73.25,,57.8
2005-08-15,73.9,,58.3
2005-08-16,72.7,,57.61
2005-08-17,72.0,,57.3
2005-08-18,70.2,,55.4
2005-08-19,71.3,,55.0
2005-08-22,72.9,,56.35
2005-08-23,73.55,,56.4
2005-08-24,74.75,,57.2
2005-08-25,76.0,,58.25
2005-08-26,76.5,,58.15
2005-08-29,79.6,,59.1
2005-08-30,79.5,,57.97
2005-08-31,87.6,,58.78
2005-09-01,90.2,,59.18
2005-09-02,90.0,,58.9
2005-09-05,87.5,,57.38
2005-09-06,85.6,,57.38
2005-09-07,84.88,,56.68
2005-09-08,81.8,,55.9
2005-09-09,80.85,,56.1
2005-09-12,79.45,,55.55
2005-09-13,77.55,,54.5
2005-09-14,77.9,,54.75
2005-09-15,78.55,,56.6
2005-09-16,77.0,,56.08
2005-09-19,74.35,,55.15
2005-09-20,77.0,,56.98
2005-09-21,77.3,,57.28
2005-09-22,78.1,,57.95
2005-09-23,76.05,,56.7
2005-09-26,73.1,,55.01
2005-09-27,74.8,,56.52
2005-09-28,74.5,,55.86
2005-09-29,75.45,,56.83
2005-09-30,74.95,,56.52
2005-10-03,74.75,,57.75
2005-10-04,73.45,,56.3
2005-10-05,72.5,,55.38
2005-10-06,71.25,,53.87
2005-10-07,71.0,,53.27
2005-10-10,70.3,,53.66
2005-10-11,70.15,,53.85
2005-10-12,71.35,,54.8
2005-10-13,73.25,,54.62
2005-10-14,72.3,,54.05
2005-10-17,72.75,,54.87
2005-10-18,70.6,,53.97
2005-10-19,68.55,,53.36
2005-10-20,67.2,,52.88
2005-10-21,65.0,,52.2
2005-10-24,64.7,,52.2
2005-10-25,63.95,,52.38
2005-10-26,64.9,,54.22
2005-10-27,64.9,,53.82
2005-10-28,64.38,,53.07
2005-10-31,63.93,,52.65
2005-11-02,63.35,,52.97
2005-11-04,64.78,,54.47
2005-11-07,63.3,,53.52
2005-11-08,63.1,,52.75
2005-11-09,63.8,,53.0
2005-11-10,63.2,,52.05
2005-11-11,61.55,,50.8
2005-11-14,60.4,,51.2
2005-11-15,60.25,,50.57
2005-11-16,60.4,,49.97
2005-11-17,61.29,,50.8
2005-11-18,60.89,,50.05
2005-11-21,60.79,,50.7
2005-11-22,60.39,,50.9
2005-11-23,60.04,,51.6
2005-11-24,60.04,,51.3
2005-11-25,58.99,,50.55
2005-11-28,57.64,,50.37
2005-11-29,56.89,,50.05
2005-11-30,56.38,,50.15
2005-12-01,57.04,,51.4
2005-12-02,57.9,,52.33
2005-12-05,59.98,,53.2
2005-12-06,59.94,,53.48
2005-12-07,60.82,,53.93
2005-12-08,60.12,,53.37
2005-12-09,62.37,,55.17
2005-12-12,61.8,,54.07
2005-12-13,63.28,,54.88
2005-12-14,63.86,,55.12
2005-12-15,63.36,,54.85
2005-12-16,63.45,,54.23
2005-12-19,61.35,,52.55
2005-12-20,60.45,,52.07
2005-12-21,60.48,,51.95
2005-12-22,61.35,,52.6
2005-12-23,59.98,,52.0
2005-12-27,59.45,,51.6
2005-12-28,59.3,,51.64
2005-12-29,61.5,,53.2
2005-12-30,63.45,,53.52
2006-01-03,65.14,,55.18
2006-01-04,67.99,,56.57
2006-01-05,67.34,,56.83
2006-01-06,67.54,,56.52
2006-01-09,67.76,,57.75
2006-01-11,65.95,,57.32
2006-01-12,64.76,,57.83
2006-01-13,63.86,,57.18
2006-01-16,64.36,,58.18
2006-01-17,65.06,,58.47
2006-01-18,67.5,,59.7
2006-01-19,67.96,,59.21
2006-01-20,68.71,,60.28
2006-01-23,69.71,,61.05
2006-01-24,68.42,,60.7
2006-01-25,67.42,,59.76
2006-01-26,66.42,,59.32
2006-01-27,66.37,,60.07
2006-02-01,67.37,,61.0
2006-02-02,65.89,,60.38
2006-02-03,64.54,,58.72
2006-02-06,65.35,,59.95
2006-02-07,64.39,,59.18
2006-02-08,62.85,,58.18
2006-02-09,63.15,,58.1
2006-02-10,64.05,,57.82
2006-02-13,63.05,,57.02
2006-02-14,63.1,,56.65
2006-02-15,63.0,,55.72
2006-02-16,63.1,,54.68
2006-02-17,65.06,,55.5
2006-02-20,66.31,,56.8
2006-02-21,67.36,,57.25
2006-02-22,66.36,,57.23
2006-02-23,66.38,,56.3
2006-02-24,66.63,,57.05
2006-02-27,67.1,,57.72
2006-02-28,65.41,,56.85
2006-03-01,66.4,,57.9
2006-03-02,67.95,,58.55
2006-03-03,70.14,,59.9
2006-03-06,69.8,,59.7
2006-03-07,68.5,,58.41
2006-03-08,67.3,,56.87
2006-03-09,67.2,,55.88
2006-03-10,68.4,,56.74
2006-03-13,68.75,,56.41
2006-03-14,70.05,,57.62
2006-03-15,70.55,,58.4
2006-03-16,69.85,,57.06
2006-03-17,71.15,,58.24
2006-03-20,69.95,,57.42
2006-03-21,67.0,,56.16
2006-03-22,69.0,,56.5
2006-03-23,68.85,,56.6
2006-03-24,69.2,,57.5
2006-03-27,70.02,,57.3
2006-03-28,70.7,,57.85
2006-03-29,73.23,,59.02
2006-03-30,73.8,,59.25
2006-03-31,73.91,,60.5
2006-04-03,74.92,,61.89
2006-04-04,74.58,,61.08
2006-04-05,73.98,,60.48
2006-04-06,75.8,,61.72
2006-04-07,76.05,,61.4
2006-04-10,77.05,,62.0
2006-04-11,78.96,,63.65
2006-04-12,80.13,,63.55
2006-04-13,81.6,,63.15
2006-04-17,83.5,,64.7
2006-04-18,85.0,,65.62
2006-04-19,84.4,,65.67
2006-04-20,85.15,,67.0
2006-04-21,84.35,,65.72
2006-04-24,85.85,,67.55
2006-04-25,84.5,,66.8
2006-04-26,85.1,,67.1
2006-04-27,85.25,,65.3
2006-04-28,85.35,,64.35
2006-05-02,90.05,,68.1
2006-05-03,90.65,,68.35
2006-05-04,88.15,,66.45
2006-05-05,83.95,,64.8
2006-05-08,84.35,,64.93
2006-05-09,84.25,,64.85
2006-05-10,85.45,,65.77
2006-05-11,89.4,,67.25
2006-05-15,89.6,,65.02
2006-05-16,87.27,,63.85
2006-05-17,87.49,,64.32
2006-05-18,85.6,,62.9
2006-05-19,86.64,,64.02
2006-05-22,84.22,,62.17
2006-05-23,86.22,,63.99
2006-05-24,86.88,,64.66
2006-05-25,85.68,,63.46
2006-05-26,87.18,,64.95
2006-05-29,86.88,,64.95
2006-05-30,86.51,,64.97
2006-05-31,86.41,,65.25
2006-06-01,85.6,,65.22
2006-06-02,84.1,,65.21
2006-06-05,86.13,,67.33
2006-06-06,85.3,,66.72
2006-06-07,84.75,,66.55
2006-06-08,82.3,,64.42
2006-06-09,84.22,,65.13
2006-06-12,85.9,,66.77
2006-06-13,82.86,,64.31
2006-06-14,81.5,,63.51
2006-06-15,82.02,,63.96
2006-06-16,81.25,,63.91
2006-06-19,80.2,,63.48
2006-06-20,78.3,,63.66
2006-06-21,78.37,,63.05
2006-06-22,80.83,,64.99
2006-06-23,80.22,,64.85
2006-06-26,80.22,,64.99
2006-06-27,82.74,,66.37
2006-06-28,82.89,,66.32
2006-06-29,84.24,,66.49
2006-06-30,86.69,,67.61
2006-07-03,86.8,,68.82
2006-07-04,85.76,,68.56
2006-07-05,84.3,,68.22
2006-07-06,85.3,,69.52
2006-07-07,85.53,,69.27
2006-07-10,84.63,,68.57
2006-07-11,82.99,,68.34
2006-07-12,83.52,,68.8
2006-07-13,85.99,,70.29
2006-07-14,88.28,,71.99
2006-07-17,88.59,,72.29
2006-07-18,87.38,,70.7
2006-07-19,84.8,,69.24
2006-07-20,78.3,,63.66
2006-07-21,84.77,,68.38
2006-07-24,84.36,,67.66
2006-07-25,86.51,,69.45
2006-07-26,84.38,,67.78
2006-07-27,85.38,,68.64
2006-07-28,86.88,,69.45
2006-07-31,84.68,,67.6
2006-08-01,86.49,,69.32
2006-08-02,88.68,,70.48
2006-08-03,88.33,,70.64
2006-08-04,88.43,,70.8
2006-08-07,89.19,,71.49
2006-08-08,88.3,,72.24
2006-08-09,0.0,,72.24
2006-08-10,84.6,,70.85
2006-08-11,82.4,,70.31
2006-08-14,81.7,,69.97
2006-08-15,80.05,,69.34
2006-08-16,79.89,,68.78
2006-08-17,79.55,,67.45
2006-08-18,79.75,,67.39
2006-08-21,80.32,,68.22
2006-08-22,79.69,,68.17
2006-08-23,77.54,,67.86
2006-08-24,76.54,,67.02
2006-08-25,78.43,,68.56
2006-08-28,75.95,,66.52
2006-08-29,73.95,,66.26
2006-08-30,74.08,,65.86
2006-08-31,72.98,,65.3
2006-09-01,72.04,,66.14
2006-09-04,69.11,,64.91
2006-09-05,67.75,,63.71
2006-09-06,68.73,,63.91
2006-09-07,68.14,,63.57
2006-09-08,67.34,,62.74
2006-09-11,66.14,,61.43
2006-09-12,66.26,,61.42
2006-09-13,64.29,,59.26
2006-09-14,65.17,,60.06
2006-09-15,64.87,,59.16
2006-09-18,64.37,,58.8
2006-09-19,65.67,,59.15
2006-09-20,64.01,,56.47
2006-09-21,63.26,,56.12
2006-09-22,65.34,,56.75
2006-09-25,62.22,,54.92
2006-09-26,63.44,,56.22
2006-09-27,63.09,,56.03
2006-09-28,65.64,,57.48
2006-09-29,66.14,,57.895
2006-10-02,64.12,,59.13
2006-10-03,62.34,,56.9
2006-10-04,60.37,,55.3
2006-10-05,62.68,,56.41
2006-10-06,62.93,,56.53
2006-10-09,62.96,,56.74
2006-10-10,63.53,,57.09
2006-10-11,61.2,,55.22
2006-10-12,61.25,,55.39
2006-10-13,61.13,,55.88
2006-10-16,61.55,,56.71
2006-10-17,63.48,,57.7
2006-10-18,62.38,,56.86
2006-10-19,60.84,,55.76
2006-10-20,62.05,,56.98
2006-10-23,59.75,,54.97
2006-10-24,0.0,,
2006-10-25,61.22,,55.98
2006-10-26,63.12,,57.58
2006-10-27,61.8,,56.57
2006-10-30,60.95,,56.72
2006-10-31,58.84,,54.48
2006-11-01,59.54,,56.12
2006-11-02,60.27,,56.22
2006-11-03,59.41,,55.63
2006-11-06,60.05,,56.35
2006-11-07,62.09,,57.7
2006-11-08,60.61,,56.45
2006-11-09,63.59,,57.47
2006-11-10,64.23,,58.54
2006-11-13,62.8,,57.65
2006-11-14,62.05,,56.91
2006-11-15,62.09,,56.69
2006-11-16,63.15,,57.07
2006-11-17,61.74,,55.53
2006-11-20,62.41,,55.205
2006-11-21,63.61,,55.75
2006-11-22,64.64,,56.6
2006-11-23,63.84,,55.92
2006-11-24,63.81,,55.99
2006-11-27,64.76,,56.78
2006-11-28,65.46,,57.03
2006-11-29,65.84,,57.45
2006-11-30,67.6,,58.7
2006-12-01,68.32,,60.23
2006-12-04,67.92,,60.87
2006-12-05,67.11,,60.15
2006-12-06,66.64,,60.105
2006-12-07,66.45,,59.705
2006-12-08,66.1,,59.105
2006-12-11,66.4,,58.37
2006-12-12,67.05,,57.91
2006-12-13,66.85,,57.45
2006-12-14,67.2,,57.83
2006-12-15,69.5,,59.19
2006-12-18,69.68,,59.21
2006-12-19,68.68,,57.8
2006-12-20,69.31,,58.505
2006-12-21,70.07,,58.96
2006-12-22,70.16,,58.59
2006-12-26,70.65,,59.05
2006-12-27,69.04,,57.28
2006-12-28,68.65,,56.76
2006-12-29,67.49,,56.63
2007-01-03,68.4,,57.35
2007-01-04,65.49,,55.32
2007-01-05,61.25,,52.54
2007-01-08,63.91,,53.59
2007-01-09,63.2,,52.76
2007-01-10,61.95,,52.3
2007-01-11,59.4,,50.2
2007-01-12,60.2,,49.98
2007-01-15,60.97,,50.58
2007-01-16,60.69,,50.22
2007-01-17,58.09,,49.09
2007-01-18,58.45,,49.97
2007-01-19,57.2,,48.88
2007-01-22,60.06,,50.75
2007-01-23,60.46,,50.22
2007-01-24,62.54,,51.66
2007-01-25,62.2,,52.13
2007-01-26,61.92,,51.58
2007-01-29,62.67,,52.47
2007-01-30,61.12,,50.94
2007-01-31,63.28,,53.03
2007-02-01,64.64,,54.73
2007-02-02,64.53,,54.56
2007-02-05,65.83,,55.63
2007-02-06,65.53,,55.9
2007-02-07,65.02,,55.67
2007-02-08,63.9,,54.75
2007-02-09,64.86,,56.57
2007-02-12,64.77,,56.07
2007-02-13,63.18,,54.61
2007-02-14,64.58,,55.46
2007-02-15,65.03,,54.18
2007-02-16,66.13,,54.29
2007-02-21,,,54.26
2007-02-22,68.87,,55.61
2007-02-23,71.46,,57.61
2007-02-26,71.75,,58.1
2007-02-27,73.02,,58.22
2007-02-28,72.57,,57.32
2007-03-01,75.09,,58.83
2007-03-02,77.08,,59.1
2007-03-05,75.91,,58.01
2007-03-06,74.86,,57.9
2007-03-07,75.62,,58.51
2007-03-08,77.17,,59.6
2007-03-09,77.75,,59.25
2007-03-12,76.64,,58.03
2007-03-13,76.8,,57.55
2007-03-14,77.0,,57.67
2007-03-15,76.07,,57.86
2007-03-16,74.44,,56.95
2007-03-19,74.6,,57.19
2007-03-20,75.38,,57.27
2007-03-21,75.13,,57.13
2007-03-22,74.5,,57.57
2007-03-23,76.39,,58.66
2007-03-26,77.94,,59.785
2007-03-27,79.04,,60.52
2007-03-28,79.32,,61.7
2007-03-29,77.57,,61.44
2007-03-30,81.24,,63.09
2007-04-02,81.59,,63.27
2007-04-03,81.59,,64.06
2007-04-04,79.22,,63.23
2007-04-05,82.84,,64.55
2007-04-06,0.0,,
2007-04-09,82.86,,64.21
2007-04-10,80.75,,63.42
2007-04-11,81.73,,64.15
2007-04-12,82.4,,64.25
2007-04-13,84.9,,65.61
2007-04-16,84.39,,65.16
2007-04-17,83.4,,64.0
2007-04-18,82.1,,62.68
2007-04-19,81.76,,62.4
2007-04-20,83.16,,62.73
2007-04-23,83.86,,63.15
2007-04-24,86.72,,64.63
2007-04-25,85.93,,63.88
2007-04-26,87.16,,64.72
2007-04-27,86.36,,64.47
2007-04-30,87.12,,64.79
2007-05-01,0.0,,
2007-05-02,86.8,,64.27
2007-05-03,87.28,,63.75
2007-05-04,87.45,,63.695
2007-05-07,86.03,,62.995
2007-05-08,86.25,,62.555
2007-05-09,86.85,,62.905
2007-05-10,87.78,,62.505
2007-05-11,89.28,,63.52
2007-05-14,90.38,,64.53
2007-05-15,89.03,,63.895
2007-05-16,90.58,,64.91
2007-05-17,90.15,,64.95
2007-05-18,92.53,,65.99
2007-05-21,91.44,,65.91
2007-05-22,92.07,,66.69
2007-05-23,89.55,,65.62
2007-05-24,89.26,,66.63
2007-05-25,89.91,,66.48
2007-05-28,88.08,,65.74
2007-05-29,88.03,,65.42
2007-05-30,85.42,,63.86
2007-05-31,0.0,,
2007-06-01,85.15,,63.87
2007-06-04,86.08,,64.65
2007-06-05,86.28,,65.27
2007-06-06,85.28,,65.43
2007-06-07,84.76,,65.78
2007-06-08,85.24,,65.89
2007-06-11,83.46,,64.36
2007-06-12,84.19,,65.07
2007-06-13,82.96,,64.75
2007-06-14,84.19,,65.68
2007-06-15,84.31,,66.27
2007-06-18,84.13,,66.75
2007-06-19,83.64,,67.21
2007-06-20,83.67,,67.07
2007-06-21,83.4,,66.58
2007-06-22,84.06,,65.91
2007-06-25,84.94,,66.29
2007-06-26,85.96,,66.805
2007-06-27,85.84,,65.93
2007-06-28,86.31,,65.92
2007-06-29,86.69,,66.12
2007-07-02,87.79,,67.18
2007-07-03,88.39,,68.03
2007-07-04,88.12,,68.18
2007-07-05,87.81,,68.08
2007-07-06,88.04,,68.855
2007-07-09,88.38,,69.33
2007-07-10,88.11,,69.605
2007-07-11,88.24,,70.255
2007-07-12,87.19,,69.8
2007-07-13,86.69,,69.98
2007-07-16,87.31,,70.28
2007-07-17,83.7,,69.12
2007-07-18,82.45,,68.88
2007-07-19,85.15,,70.85
2007-07-20,85.42,,71.23
2007-07-23,83.84,,70.9
2007-07-24,82.24,,70.23
2007-07-25,80.09,,69.35
2007-07-26,82.95,,71.08
2007-07-27,82.0,,69.5
2007-07-30,82.4,,69.43
2007-07-31,81.35,,68.68
2007-08-01,81.75,,70.73
2007-08-02,78.87,,69.43
2007-08-03,79.82,,69.65
2007-08-06,79.31,,68.85
2007-08-07,76.09,,66.3
2007-08-08,77.0,,66.93
2007-08-09,0.0,,
2007-08-10,76.07,,65.87
2007-08-13,76.87,,66.38
2007-08-14,76.1,,66.35
2007-08-15,76.95,,66.9
2007-08-16,76.45,,66.78
2007-08-17,76.95,,66.73
2007-08-20,76.05,,67.38
2007-08-21,74.75,,66.95
2007-08-22,73.33,,66.47
2007-08-23,74.12,,66.38
2007-08-24,75.56,,66.63
2007-08-27,77.04,,67.33
2007-08-28,78.57,,67.53
2007-08-29,77.9,,66.87
2007-08-30,79.21,,67.81
2007-08-31,78.58,,68.155
2007-09-03,79.88,,69.02
2007-09-04,79.53,,69.29
2007-09-05,80.04,,70.4
2007-09-06,80.67,,70.84
2007-09-07,80.01,,70.96
2007-09-10,79.35,,71.6
2007-09-11,80.0,,72.35
2007-09-12,80.82,,73.37
2007-09-13,81.92,,73.81
2007-09-14,82.42,,73.6
2007-09-17,81.64,,73.05
2007-09-18,83.64,,74.26
2007-09-19,85.12,,74.95
2007-09-20,85.4,,75.0
2007-09-21,86.1,,75.95
2007-09-24,86.32,,76.2
2007-09-25,85.41,,75.89
2007-09-26,84.07,,75.09
2007-09-27,83.17,,74.91
2007-09-28,84.6,,76.69
2007-10-01,84.09,,74.67
2007-10-02,81.97,,73.08
2007-10-03,81.45,,73.02
2007-10-04,82.14,,72.55
2007-10-05,85.05,,74.55
2007-10-08,84.68,,74.47
2007-10-09,83.11,,72.25
2007-10-10,85.32,,73.65
2007-10-11,87.62,,74.66
2007-10-12,88.35,,75.3
2007-10-15,88.49,,76.02
2007-10-16,91.14,,78.34
2007-10-17,90.3,,78.27
2007-10-18,90.36,,78.22
2007-10-19,91.51,,79.495
2007-10-22,90.78,,78.18
2007-10-23,90.2,,78.42
2007-10-24,89.5,,78.12
2007-10-25,92.97,,80.28
2007-10-26,95.63,,82.72
2007-10-29,95.44,,83.26
2007-10-30,96.68,,83.73
2007-10-31,93.56,,80.55
2007-11-01,98.32,,85.82
2007-11-02,96.79,,84.48
2007-11-05,99.0,,85.77
2007-11-06,99.16,,86.24
2007-11-07,101.65,,88.82
2007-11-09,100.45,,87.68
2007-11-12,100.15,,87.1
2007-11-13,99.04,,85.67
2007-11-14,97.39,,83.95
2007-11-15,98.49,,84.77
2007-11-16,98.85,,84.85
2007-11-19,101.2,,86.84
2007-11-20,100.79,,87.02
2007-11-21,103.63,,89.92
2007-11-22,102.8,,89.12
2007-11-23,102.78,,89.03
2007-11-26,104.23,,90.13
2007-11-27,102.77,,88.695
2007-11-28,100.72,,86.695
2007-11-29,99.93,,86.58
2007-11-30,98.01,,85.08
2007-12-03,96.27,,83.45
2007-12-04,96.61,,84.5
2007-12-05,96.17,,84.53
2007-12-06,94.57,,83.0
2007-12-07,97.59,,84.73
2007-12-10,96.19,,82.98
2007-12-11,96.73,,83.365
2007-12-12,97.12,,84.17
2007-12-13,100.7,,87.38
2007-12-14,100.02,,86.94
2007-12-17,99.23,,86.75
2007-12-18,98.42,,86.47
2007-12-19,98.12,,85.8
2007-12-20,0.0,,
2007-12-21,97.84,,85.78
2007-12-26,100.57,,87.24
2007-12-27,102.23,,88.26
2007-12-28,104.07,,89.32
2008-01-02,103.74,,89.22
2008-01-03,106.74,,92.03
2008-01-04,106.41,,92.6
2008-01-07,104.66,,91.57
2008-01-08,102.86,,90.17
2008-01-09,103.96,,90.6
2008-01-10,103.36,,89.03
2008-01-11,100.82,,87.77
2008-01-14,99.52,,86.92
2008-01-15,100.83,,87.97
2008-01-16,96.93,,85.82
2008-01-17,97.12,,85.87
2008-01-18,96.82,,85.01
2008-01-21,96.93,,84.42
2008-01-22,93.92,,81.75
2008-01-23,97.17,,84.38
2008-01-24,96.5,,83.33
2008-01-25,99.82,,85.71
2008-01-28,99.92,,85.82
2008-01-29,101.03,,86.93
2008-01-30,101.59,,87.78
2008-01-31,100.52,,87.4
2008-02-01,99.49,,87.1
2008-02-04,97.99,,85.57
2008-02-05,99.35,,85.92
2008-02-06,98.35,,84.13
2008-02-11,100.65,,87.29
2008-02-12,101.53,,88.62
2008-02-13,101.55,,88.56
2008-02-14,102.62,,89.21
2008-02-15,104.83,,90.28
2008-02-18,105.78,,90.39
2008-02-19,106.31,,90.9
2008-02-20,108.66,,92.76
2008-02-21,110.07,,92.95
2008-02-22,107.62,,91.02
2008-02-25,108.97,,92.22
2008-02-26,109.42,,91.98
2008-02-27,112.2,,94.28
2008-02-28,110.04,,92.53
2008-02-29,110.96,,94.7
2008-03-03,110.28,,95.07
2008-03-04,109.9,,95.72
2008-03-05,105.09,,92.9
2008-03-06,108.42,,95.78
2008-03-07,109.27,,96.13
2008-03-10,110.46,,96.0
2008-03-11,112.01,,96.92
2008-03-12,112.56,,97.68
2008-03-13,113.64,,98.83
2008-03-14,112.92,,100.17
2008-03-17,112.01,,101.08
2008-03-18,105.33,,96.87
2008-03-19,108.11,,99.4
2008-03-20,104.26,,94.0
2008-03-24,105.34,,94.22
2008-03-25,107.14,,94.82
2008-03-26,109.56,,95.63
2008-03-27,113.68,,98.28
2008-03-28,112.97,,98.23
2008-03-31,112.72,,97.41
2008-04-01,109.02,,94.43
2008-04-02,109.7,,95.08
2008-04-03,112.18,,97.04
2008-04-04,113.35,,96.7
2008-04-07,116.36,,98.8
2008-04-08,118.41,,100.37
2008-04-09,116.33,,99.59
2008-04-10,117.23,,102.18
2008-04-11,118.32,,102.12
2008-04-14,117.06,,101.67
2008-04-15,117.65,,103.23
2008-04-16,118.1,,104.7
2008-04-17,120.42,,106.42
2008-04-18,119.91,,106.0
2008-04-21,121.88,,107.8
2008-04-22,121.49,,107.9
2008-04-23,122.91,,109.53
2008-04-24,122.7,,109.33
2008-04-25,119.84,,106.75
2008-04-28,123.72,,110.2
2008-04-29,122.24,,108.745
2008-04-30,118.91,,106.48
2008-05-01,0.0,,
2008-05-02,115.1,,104.89
2008-05-05,120.11,,109.8
2008-05-06,123.69,,113.25
2008-05-07,126.02,,114.95
2008-05-08,126.92,,116.35
2008-05-09,129.04,,118.3
2008-05-12,131.43,,120.12
2008-05-13,129.33,,118.26
2008-05-14,130.67,,119.49
2008-05-15,130.25,,119.17
2008-05-16,130.59,,118.405
2008-05-20,132.2,,120.25
2008-05-21,135.55,,123.75
2008-05-22,140.55,,128.98
2008-05-23,137.45,,126.21
2008-05-26,138.39,,126.26
2008-05-27,138.95,,126.56
2008-05-28,133.95,,120.9
2008-05-29,137.2,,123.89
2008-05-30,135.27,,120.16
2008-06-02,136.64,,120.8
2008-06-03,138.28,,122.22
2008-06-04,136.46,,118.82
2008-06-05,133.37,,117.8
2008-06-06,137.31,,122.85
2008-06-09,146.14,,130.75
2008-06-10,140.28,,127.6
2008-06-11,139.43,,127.53
2008-06-12,141.72,,130.05
2008-06-13,143.29,,130.8
2008-06-16,139.85,,128.73
2008-06-17,140.11,,129.38
2008-06-18,139.3,,128.2
2008-06-19,141.97,,130.3
2008-06-20,137.81,,127.04
2008-06-23,141.11,,130.0
2008-06-24,141.31,,130.87
2008-06-25,141.34,,130.75
2008-06-26,138.24,,128.28
2008-06-27,145.94,,135.08
2008-06-30,146.39,,136.33
2008-07-01,145.32,,136.47
2008-07-02,144.49,,136.8
2008-07-03,147.51,,140.45
2008-07-04,147.79,,140.77
2008-07-07,145.39,,138.85
2008-07-08,143.55,,137.52
2008-07-09,140.14,,134.15
2008-07-10,138.76,,132.8
2008-07-11,145.31,,139.05
2008-07-14,144.08,,139.05
2008-07-15,144.12,,140.24
2008-07-16,137.72,,134.05
2008-07-17,133.67,,131.1
2008-07-18,130.04,,128.1
2008-07-21,129.62,,127.58
2008-07-22,130.67,,128.93
2008-07-23,124.87,,123.54
2008-07-24,125.85,,120.85
2008-07-25,123.77,,122.49
2008-07-28,122.43,,121.2
2008-07-29,124.45,,122.35
2008-07-30,121.25,,119.8
2008-07-31,124.32,,123.15
2008-08-01,121.38,,120.45
2008-08-04,123.29,,122.49
2008-08-05,118.02,,117.45
2008-08-06,117.49,,116.09
2008-08-07,116.74,,115.38
2008-08-08,116.43,,114.18
2008-08-11,114.99,,113.19
2008-08-12,111.9,,110.15
2008-08-13,112.68,,109.6
2008-08-14,116.87,,111.95
2008-08-15,112.33,,108.0
2008-08-18,112.71,,109.45
2008-08-19,110.36,,107.95
2008-08-20,112.57,,110.58
2008-08-21,114.07,,112.2
2008-08-22,117.96,,116.68
2008-08-25,113.03,,111.28
2008-08-26,112.59,,109.9
2008-08-27,114.75,,111.25
2008-08-28,118.11,,111.19
2008-08-29,117.11,,110.55
2008-09-01,118.65,,111.55
2008-09-02,107.06,,101.38
2008-09-03,108.57,,102.98
2008-09-04,110.59,,104.5
2008-09-05,107.27,,101.35
2008-09-08,109.42,,101.5
2008-09-09,108.21,,98.7
2008-09-10,107.42,,97.6
2008-09-11,106.6,,95.41
2008-09-12,109.57,,95.25
2008-09-15,105.4,,92.04
2008-09-16,99.76,,86.15
2008-09-17,99.71,,86.86
2008-09-18,99.64,,87.82
2008-09-19,102.75,,89.2
2008-09-22,108.09,,94.2
2008-09-23,111.56,,95.62
2008-09-24,111.72,,96.42
2008-09-25,108.75,,94.71
2008-09-26,108.85,,95.3
2008-09-29,106.83,,93.68
2008-09-30,99.76,,87.66
2008-10-02,101.32,,89.25
2008-10-03,97.93,,84.55
2008-10-06,93.535,,79.45
2008-10-07,92.71,,77.85
2008-10-08,89.18,,74.35
2008-10-09,91.18,,76.3
2008-10-10,88.65,,71.65
2008-10-13,86.55,,70.7
2008-10-14,88.63,,73.55
2008-10-15,84.24,,68.42
2008-10-16,77.4,,61.62
2008-10-17,74.92,,61.0
2008-10-20,75.88,,62.7
2008-10-21,74.29,,63.37
2008-10-22,69.72,,59.63
2008-10-23,66.7,,58.25
2008-10-24,64.17,,56.42
2008-10-28,62.32,,55.02
2008-10-29,63.02,,55.35
2008-10-30,67.46,,60.41
2008-10-31,59.47,,56.01
2008-11-03,62.02,,60.42
2008-11-04,55.92,,55.31
2008-11-05,59.92,,59.27
2008-11-06,56.04,,56.17
2008-11-07,53.75,,54.02
2008-11-10,55.5,,55.73
2008-11-11,52.63,,52.86
2008-11-12,50.78,,50.98
2008-11-13,47.79,,47.15
2008-11-14,49.09,,49.3
2008-11-17,46.22,,47.75
2008-11-18,44.52,,46.62
2008-11-19,42.12,,45.85
2008-11-20,41.04,,44.83
2008-11-21,39.36,,42.85
2008-11-24,39.31,,42.78
2008-11-25,43.25,,45.9
2008-11-26,40.5,,44.0
2008-11-27,43.5,,47.11
2008-11-28,44.98,,47.95
2008-12-01,45.2,,47.39
2008-12-02,40.03,,42.5
2008-12-03,39.07,,41.84
2008-12-04,36.3,,40.95
2008-12-05,34.6,,39.0
2008-12-09,36.68,,39.85
2008-12-10,37.45,,39.37
2008-12-11,39.13,,39.93
2008-12-12,42.85,,42.67
2008-12-15,44.87,,43.75
2008-12-16,44.34,,42.43
2008-12-17,46.17,,43.55
2008-12-18,46.61,,42.35
2008-12-19,45.71,,40.5
2008-12-22,45.52,,40.57
2008-12-23,40.15,,37.35
2008-12-24,38.96,,36.87
2008-12-29,38.87,,36.74
2008-12-30,39.36,,36.65
2008-12-31,39.19,,36.4
2009-01-02,44.91,,42.92
2009-01-05,47.42,,45.77
2009-01-06,50.33,,48.48
2009-01-07,50.83,,50.2
2009-01-08,46.1,,45.72
2009-01-09,47.6,,45.97
2009-01-12,47.15,,44.22
2009-01-13,47.58,,42.25
2009-01-14,51.19,,45.0
2009-01-15,53.34,,44.24
2009-01-16,55.66,,45.28
2009-01-19,54.59,,43.58
2009-01-20,53.69,,40.57
2009-01-21,55.05,,40.61
2009-01-22,58.84,,42.12
2009-01-23,57.14,,42.16
2009-01-28,55.95,,42.45
2009-01-29,56.36,,42.78
2009-01-30,58.59,,44.02
2009-02-02,59.59,,44.78
2009-02-03,57.52,,42.77
2009-02-04,57.64,,42.88
2009-02-05,58.34,,43.48
2009-02-06,59.39,,45.53
2009-02-09,58.75,,45.13
2009-02-10,59.62,,45.55
2009-02-11,60.69,,44.63
2009-02-12,62.36,,44.5
2009-02-13,65.34,,44.43
2009-02-16,63.93,,43.35
2009-02-17,61.15,,42.68
2009-02-18,55.02,,40.43
2009-02-19,54.46,,40.17
2009-02-20,54.68,,41.08
2009-02-23,55.07,,41.35
2009-02-24,53.01,,40.13
2009-02-25,52.78,,41.4
2009-02-26,54.43,,43.37
2009-02-27,55.55,,44.16
2009-03-02,52.94,,43.75
2009-03-03,48.66,,41.42
2009-03-04,51.5,,42.15
2009-03-05,52.87,,44.15
2009-03-06,50.49,,43.05
2009-03-09,51.59,,43.88
2009-03-10,49.69,,43.05
2009-03-11,46.99,,43.1
2009-03-12,47.0,,41.4
2009-03-13,52.21,,44.0
2009-03-16,50.65,,42.17
2009-03-17,53.3,,43.75
2009-03-18,56.62,,46.05
2009-03-19,57.36,,46.56
2009-03-20,57.86,,48.75
2009-03-23,58.21,,49.55
2009-03-24,59.18,,50.16
2009-03-25,59.6,,50.05
2009-03-26,61.11,,50.3
2009-03-27,60.4,,50.74
2009-03-30,57.75,,48.17
2009-03-31,56.34,,46.695
2009-04-01,57.19,,47.18
2009-04-02,57.45,,48.43
2009-04-03,60.04,,51.02
2009-04-06,63.14,,52.85
2009-04-07,61.73,,51.55
2009-04-08,60.4,,49.33
2009-04-09,63.07,,52.145
2009-04-13,63.9,,52.3
2009-04-14,63.04,,51.51
2009-04-15,64.3,,51.55
2009-04-16,63.92,,51.65
2009-04-17,63.56,,51.17
2009-04-20,64.11,,50.97
2009-04-21,61.4,,48.68
2009-04-22,60.9,,48.65
2009-04-23,59.05,,48.25
2009-04-24,58.13,,49.08
2009-04-27,56.31,,48.8
2009-04-28,54.79,,48.1
2009-04-29,55.97,,49.25
2009-04-30,57.34,,50.05
2009-05-04,60.43,,52.61
2009-05-05,63.33,,53.43
2009-05-06,63.79,,54.17
2009-05-07,65.8,,57.0
2009-05-08,66.89,,56.88
2009-05-11,66.37,,56.82
2009-05-12,66.51,,57.45
2009-05-13,66.34,,58.18
2009-05-14,66.49,,56.53
2009-05-15,70.01,,57.93
2009-05-18,68.43,,55.92
2009-05-19,70.98,,58.68
2009-05-20,71.95,,58.6
2009-05-21,70.9,,59.32
2009-05-22,70.44,,59.53
2009-05-25,69.87,,59.17
2009-05-26,69.68,,58.63
2009-05-27,72.64,,61.08
2009-05-28,73.29,,61.28
2009-05-29,75.81,,63.855
2009-06-01,76.37,,66.42
2009-06-02,75.4,,66.72
2009-06-03,75.59,,67.83
2009-06-04,76.33,,66.95
2009-06-05,79.14,,69.17
2009-06-08,77.21,,67.25
2009-06-09,77.02,,69.25
2009-06-10,76.97,,70.9
2009-06-11,77.92,,71.19
2009-06-12,79.93,,71.55
2009-06-15,78.57,,70.85
2009-06-16,78.53,,70.2
2009-06-17,77.98,,70.25
2009-06-18,77.99,,71.09
2009-06-19,79.44,,71.45
2009-06-22,76.05,,69.35
2009-06-23,73.13,,66.8
2009-06-24,74.94,,68.95
2009-06-25,75.6,,69.15
2009-06-26,77.86,,70.75
2009-06-29,76.12,,69.4
2009-06-30,79.18,,71.54
2009-07-01,76.55,,70.0
2009-07-02,74.94,,68.01
2009-07-03,73.29,,66.77
2009-07-06,70.16,,64.3
2009-07-07,70.63,,64.0
2009-07-08,69.57,,62.48
2009-07-09,68.4,,61.8
2009-07-10,67.49,,60.88
2009-07-13,66.94,,60.5
2009-07-14,67.98,,62.05
2009-07-15,68.03,,61.97
2009-07-16,70.03,,63.05
2009-07-17,70.68,,62.75
2009-07-20,73.67,,64.55
2009-07-21,73.12,,64.4
2009-07-22,73.72,,64.2
2009-07-23,75.17,,65.6
2009-07-24,77.67,,67.4
2009-07-27,78.32,,68.65
2009-07-28,78.15,,68.75
2009-07-29,75.6,,66.63
2009-07-30,74.77,,64.55
2009-07-31,80.18,,67.55
2009-08-03,83.23,,71.28
2009-08-04,83.36,,71.2
2009-08-05,83.76,,72.27
2009-08-06,84.15,,73.0
2009-08-07,83.54,,71.7
2009-08-11,84.53,,71.8
2009-08-12,83.28,,70.88
2009-08-13,83.36,,72.31
2009-08-14,83.83,,72.6
2009-08-17,78.39,,68.42
2009-08-18,78.76,,69.26
2009-08-19,79.75,,69.98
2009-08-20,81.78,,72.73
2009-08-21,81.15,,71.76
2009-08-24,82.94,,72.66
2009-08-25,82.44,,72.1
2009-08-26,82.08,,70.88
2009-08-27,80.52,,70.13
2009-08-28,81.19,,71.45
2009-08-31,80.07,,70.4
2009-09-01,78.43,,69.18
2009-09-02,76.96,,67.1
2009-09-03,78.09,,67.75
2009-09-04,77.16,,67.0
2009-09-07,75.94,,66.95
2009-09-08,75.99,,67.35
2009-09-09,78.09,,69.1
2009-09-10,78.29,,69.95
2009-09-11,77.34,,69.22
2009-09-14,74.94,,67.1
2009-09-15,74.86,,67.35
2009-09-16,76.58,,68.8
2009-09-17,79.92,,70.55
2009-09-18,79.12,,69.85
2009-09-22,77.3,,68.58
2009-09-23,77.75,,69.52
2009-09-24,72.94,,65.79
2009-09-25,69.42,,64.57
2009-09-28,68.55,,63.92
2009-09-29,70.2,,64.855
2009-09-30,70.43,,65.26
2009-10-01,74.73,,68.32
2009-10-02,72.64,,68.07
2009-10-05,70.99,,67.72
2009-10-06,73.0,,68.42
2009-10-07,73.55,,68.71
2009-10-08,71.36,,67.65
2009-10-09,73.68,,69.05
2009-10-12,74.03,,70.28
2009-10-13,74.74,,71.53
2009-10-14,75.76,,72.505
2009-10-15,77.1,,73.4
2009-10-16,79.56,,75.25
2009-10-19,79.96,,75.98
2009-10-20,80.72,,76.33
2009-10-21,80.27,,75.75
2009-10-22,82.47,,77.805
2009-10-23,83.78,,78.48
2009-10-26,83.16,,77.82
2009-10-27,82.76,,76.8
2009-10-28,83.04,,76.87
2009-10-29,80.05,,75.51
2009-10-30,82.25,,77.07
2009-11-02,80.04,,75.57
2009-11-03,80.63,,76.24
2009-11-04,81.53,,78.3
2009-11-05,81.98,,78.5
2009-11-06,82.3,,78.85
2009-11-09,80.76,,77.4
2009-11-10,82.01,,77.48
2009-11-11,83.05,,78.23
2009-11-12,82.51,,78.5
2009-11-13,81.48,,77.27
2009-11-16,82.01,,77.43
2009-11-17,82.98,,78.35
2009-11-18,83.99,,78.96
2009-11-19,82.89,,78.67
2009-11-20,82.28,,77.55
2009-11-23,82.88,,77.95
2009-11-24,81.38,,77.13
2009-11-25,80.56,,76.9
2009-11-26,80.98,,77.46
2009-11-30,81.54,,77.55
2009-12-01,83.5,,79.17
2009-12-02,84.2,,79.57
2009-12-03,84.1,,79.22
2009-12-04,83.2,,78.37
2009-12-07,82.43,,78.06
2009-12-08,81.44,,77.36
2009-12-09,81.15,,76.52
2009-12-10,78.7,,73.71
2009-12-11,78.16,,73.1
2009-12-14,78.06,,72.26
2009-12-15,78.11,,72.13
2009-12-16,79.26,,73.04
2009-12-17,79.73,,73.16
2009-12-18,79.51,,72.7
2009-12-21,80.46,,72.87
2009-12-22,81.48,,72.2
2009-12-23,81.87,,72.78
2009-12-24,83.79,,75.2
2009-12-28,84.89,,75.52
2009-12-29,85.0,,76.96
2009-12-30,85.1,,77.45
2009-12-31,86.55,,77.95
2010-01-04,86.99,,78.29
2010-01-05,88.76,,79.74
2010-01-06,88.36,,79.8
2010-01-07,89.1,,80.68
2010-01-08,90.55,,80.33
2010-01-11,91.95,,81.3
2010-01-12,90.58,,80.03
2010-01-13,88.49,,77.95
2010-01-14,89.64,,78.5
2010-01-15,88.59,,77.6
2010-01-18,87.46,,76.46
2010-01-19,87.75,,76.15
2010-01-20,88.2,,76.44
2010-01-21,88.28,,75.9
2010-01-22,85.63,,74.36
2010-01-25,85.02,,72.27
2010-01-26,86.15,,72.28
2010-01-27,86.15,,72.26
2010-01-28,86.83,,72.17
2010-01-29,85.67,,71.29
2010-02-01,85.1,,71.17
2010-02-02,87.6,,72.8
2010-02-03,90.03,,75.97
2010-02-04,88.35,,74.77
2010-02-05,83.99,,70.61
2010-02-08,81.94,,69.4
2010-02-09,82.71,,69.97
2010-02-10,84.33,,71.33
2010-02-11,84.21,,72.24
2010-02-12,84.05,,72.72
2010-02-17,86.75,,74.97
2010-02-18,85.83,,73.8
2010-02-19,87.64,,74.7
2010-02-22,89.76,,76.38
2010-02-23,89.21,,76.5
2010-02-24,88.35,,75.3
2010-02-25,89.59,,75.88
2010-02-26,87.43,,74.13
2010-03-01,89.36,,76.48
2010-03-02,88.05,,75.15
2010-03-03,89.59,,76.05
2010-03-04,91.3,,76.52
2010-03-05,91.75,,76.97
2010-03-08,93.23,,78.1
2010-03-09,92.35,,77.55
2010-03-10,91.41,,77.5
2010-03-11,91.83,,77.85
2010-03-12,92.32,,78.3
2010-03-15,91.69,,77.4
2010-03-16,89.65,,75.9
2010-03-17,92.0,,78.01
2010-03-18,91.85,,77.66
2010-03-19,92.15,,78.0
2010-03-22,90.36,,76.65
2010-03-23,90.74,,77.42
2010-03-24,89.79,,77.39
2010-03-25,89.11,,77.22
2010-03-26,89.39,,77.65
2010-03-29,89.12,,77.3
2010-03-30,91.15,,78.46
2010-03-31,91.54,,78.65
2010-04-01,93.33,,80.27
2010-04-05,94.96,,82.23
2010-04-06,95.21,,83.11
2010-04-07,95.12,,83.6
2010-04-08,93.55,,82.81
2010-04-09,95.05,,83.75
2010-04-12,94.46,,83.62
2010-04-13,93.55,,82.98
2010-04-14,94.25,,83.44
2010-04-15,94.83,,84.35
2010-04-16,93.65,,84.8
2010-04-19,91.12,,82.4
2010-04-20,92.33,,83.11
2010-04-21,94.28,,83.42
2010-04-22,93.66,,84.06
2010-04-23,93.75,,83.74
2010-04-26,95.67,,85.32
2010-04-27,94.59,,84.69
2010-04-28,93.1,,83.34
2010-04-29,93.8,,84.57
2010-04-30,95.04,,85.77
2010-05-03,95.87,,86.04
2010-05-04,96.57,,87.36
2010-05-05,92.4,,83.97
2010-05-06,89.15,,81.37
2010-05-07,86.79,,79.22
2010-05-10,88.15,,80.7
2010-05-11,85.86,,79.26
2010-05-12,87.51,,80.89
2010-05-13,88.62,,81.23
2010-05-14,87.45,,79.13
2010-05-17,84.02,,75.81
2010-05-18,83.45,,75.11
2010-05-19,81.17,,72.21
2010-05-20,81.2,,72.12
2010-05-21,78.51,,69.63
2010-05-24,79.0,,70.15
2010-05-25,76.98,,68.22
2010-05-26,78.2,,69.12
2010-05-27,79.16,,70.73
2010-05-31,82.31,,73.31
2010-06-01,80.06,,72.06
2010-06-02,79.64,,71.82
2010-06-03,82.55,,74.4
2010-06-04,83.68,,75.02
2010-06-07,79.14,,70.8
2010-06-08,80.43,,71.75
2010-06-09,80.26,,71.52
2010-06-10,81.94,,72.88
2010-06-11,82.92,,73.98
2010-06-14,83.69,,74.55
2010-06-15,83.66,,73.8
2010-06-16,84.51,,74.82
2010-06-17,86.22,,76.12
2010-06-18,86.3,,76.05
2010-06-21,87.61,,76.82
2010-06-22,85.42,,75.65
2010-06-23,85.5,,75.65
2010-06-24,82.81,,73.73
2010-06-25,83.61,,73.95
2010-06-28,85.61,,75.6
2010-06-29,83.14,,73.5
2010-06-30,82.69,,73.21
2010-07-01,81.63,,71.84
2010-07-02,80.51,,70.49
2010-07-05,79.97,,69.85
2010-07-06,79.56,,70.01
2010-07-07,79.45,,69.15
2010-07-08,81.95,,71.97
2010-07-09,82.54,,73.05
2010-07-12,83.05,,72.61
2010-07-13,81.76,,71.56
2010-07-14,83.59,,74.07
2010-07-15,82.99,,73.55
2010-07-16,82.41,,73.28
2010-07-19,82.31,,72.62
2010-07-20,82.66,,73.03
2010-07-21,83.05,,73.58
2010-07-22,82.37,,72.19
2010-07-23,85.62,,74.25
2010-07-26,84.6,,73.35
2010-07-27,84.43,,74.12
2010-07-28,82.49,,73.145
2010-07-29,82.77,,73.24
2010-07-30,83.49,,73.75
2010-08-02,85.1,,75.78
2010-08-03,86.88,,77.03
2010-08-04,87.16,,77.95
2010-08-05,86.8,,78.28
2010-08-06,86.78,,78.25
2010-08-10,84.96,,77.03
2010-08-11,85.24,,76.08
2010-08-12,82.81,,74.2
2010-08-13,82.2,,73.01
2010-08-16,81.15,,72.56
2010-08-17,81.45,,72.98
2010-08-18,81.53,,73.5
2010-08-19,82.04,,74.0
2010-08-20,80.8,,72.7
2010-08-23,79.99,,71.75
2010-08-24,78.47,,70.55
2010-08-25,78.23,,70.55
2010-08-26,79.15,,71.38
2010-08-27,79.61,,72.03
2010-08-30,81.86,,73.4
2010-08-31,80.61,,72.8
2010-09-01,79.78,,72.84
2010-09-02,81.4,,73.67
2010-09-03,82.36,,74.08
2010-09-06,81.99,,74.23
2010-09-07,81.31,,73.63
2010-09-08,82.32,,74.45
2010-09-09,82.73,,75.25
2010-09-14,83.36,,75.76
2010-09-15,82.86,,75.95
2010-09-16,83.1,,76.25
2010-09-17,83.01,,76.25
2010-09-20,82.26,,75.36
2010-09-21,83.35,,76.29
2010-09-22,82.25,,75.3
2010-09-23,81.44,,74.71
2010-09-24,82.23,,74.85
2010-09-27,83.28,,75.72
2010-09-28,82.53,,74.67
2010-09-29,83.68,,75.75
2010-09-30,85.15,,77.25
2010-10-01,87.32,,79.6
2010-10-04,87.94,,79.93
2010-10-05,88.29,,79.98
2010-10-06,89.47,,81.48
2010-10-07,90.79,,81.88
2010-10-08,88.76,,79.55
2010-10-11,91.14,,80.73
2010-10-12,90.33,,79.72
2010-10-13,91.01,,81.01
2010-10-14,92.1,,81.52
2010-10-15,91.34,,80.74
2010-10-18,88.92,,78.62
2010-10-19,91.08,,80.72
2010-10-20,88.57,,78.93
2010-10-21,89.48,,80.43
2010-10-22,88.57,,79.08
2010-10-25,90.94,,80.88
2010-10-26,89.38,,79.93
2010-10-27,88.84,,79.83
2010-10-28,89.97,,80.22
2010-10-29,89.57,,79.77
2010-11-01,89.51,,80.48
2010-11-02,90.7,,82.35
2010-11-03,91.48,,82.92
2010-11-04,93.53,,84.72
2010-11-08,94.91,,85.27
2010-11-09,94.39,,85.42
2010-11-10,95.25,,85.8
2010-11-11,95.7,,86.67
2010-11-12,93.18,,84.7
2010-11-15,93.21,,84.46
2010-11-16,93.19,,84.16
2010-11-18,91.79,,81.87
2010-11-19,93.6,,82.85
2010-11-22,93.1,,82.62
2010-11-23,91.1,,81.45
2010-11-24,91.15,,81.53
2010-11-25,93.59,,83.45
2010-11-26,94.03,,83.55
2010-11-29,94.87,,84.02
2010-11-30,95.95,,84.755
2010-12-01,95.92,,84.1
2010-12-02,99.46,,86.26
2010-12-03,101.09,,86.95
2010-12-06,102.66,,88.66
2010-12-07,102.02,,88.56
2010-12-08,101.05,,88.26
2010-12-09,101.43,,89.07
2010-12-10,101.62,,88.9
2010-12-13,101.36,,88.75
2010-12-14,101.09,,89.18
2010-12-15,100.26,,88.65
2010-12-16,101.79,,89.7
2010-12-17,101.79,,89.93
2010-12-20,101.44,,89.48
2010-12-21,102.92,,90.11
2010-12-22,103.84,,90.66
2010-12-23,103.99,,90.57
2010-12-24,104.79,,91.83
2010-12-28,104.44,,90.53
2010-12-29,104.81,,90.38
2010-12-30,104.60000000000002,,90.01999999999998
2010-12-31,103.51,,88.51
2011-01-04,105.39,,91.58
2011-01-05,103.7,,89.87
2011-01-06,106.3,,92.15
2011-01-07,105.04,,90.62
2011-01-10,104.71,,90.5
2011-01-11,105.58,,92.1
2011-01-12,107.17,,93.94
2011-01-13,107.55,,93.54
2011-01-14,107.59,,93.21
2011-01-17,108.34,,93.11
2011-01-18,108.03,,93.22
2011-01-19,108.24,,93.32
2011-01-20,107.74,,92.95
2011-01-21,106.66,,92.5
2011-01-24,107.98,,93.04
2011-01-25,105.92,,91.91
2011-01-26,103.48,,91.76
2011-01-27,105.74,,93.18
2011-01-28,105.24,,93.37
2011-01-31,107.14,,94.45
2011-02-01,109.34,,95.62
2011-02-02,110.41,,97.14
2011-02-07,107.43,,95.82
2011-02-08,107.99,,96.06
2011-02-09,108.95,,96.62
2011-02-10,109.17,,97.58
2011-02-11,108.07,,97.54
2011-02-14,108.14,,97.12
2011-02-15,109.87,,98.99
2011-02-16,108.63,,97.94
2011-02-17,111.25,,99.5
2011-02-18,109.96,,98.82
2011-02-21,112.09,,100.36
2011-02-22,115.06,,104.0
2011-02-23,114.6,,104.61
2011-02-24,123.42,,111.59
2011-02-25,118.81,,107.5
2011-02-28,119.9,,107.5
2011-03-01,117.79,,106.52
2011-03-02,120.9,,109.12
2011-03-03,121.56,,109.94
2011-03-04,123.54,,110.82
2011-03-07,124.68,,111.63
2011-03-08,120.97,,109.39
2011-03-09,119.45,,108.68
2011-03-10,122.97,,110.75
2011-03-11,121.16,,108.42
2011-03-14,119.51,,106.35
2011-03-15,118.0,,106.35
2011-03-16,116.12,,104.5
2011-03-17,116.98,,105.95
2011-03-18,122.12,,110.38
2011-03-21,121.18,,108.77
2011-03-22,120.83,,108.69
2011-03-23,121.98,,109.88
2011-03-24,122.25,,109.57
2011-03-25,122.58,,109.58
2011-03-28,121.49,,108.74
2011-03-29,120.91,,107.98
2011-03-30,122.1,,108.79
2011-03-31,123.17,,109.48
2011-04-01,124.9,,111.0
2011-04-04,126.2,,112.49
2011-04-05,127.0,,113.61
2011-04-06,128.03,,115.3
2011-04-07,128.08,,115.56
2011-04-08,130.46,,117.21
2011-04-11,131.52,,118.36
2011-04-12,129.51,,116.59
2011-04-13,127.51,,114.06
2011-04-14,129.48,,116.02
2011-04-15,128.09,,115.12
2011-04-18,129.47,,116.02
2011-04-19,126.83,,114.05
2011-04-20,128.63,,115.69
2011-04-21,131.35,,117.78
2011-04-25,132.3,,117.96
2011-04-26,133.04,,117.39
2011-04-27,133.81,,117.69
2011-04-28,137.71,,119.61
2011-04-29,135.56,,118.59
2011-05-03,138.23,,118.14
2011-05-04,137.7,,116.27
2011-05-05,136.32,,114.74
2011-05-06,123.37,,101.25
2011-05-09,127.0,,105.99
2011-05-10,131.77,,109.59
2011-05-11,131.87,,111.38
2011-05-12,123.65,,105.5
2011-05-13,123.45,,108.2
2011-05-16,121.18,,106.7
2011-05-18,118.08,,105.99
2011-05-19,119.33,,106.75
2011-05-20,118.94,,106.49
2011-05-23,117.15,,104.32
2011-05-24,119.7,,105.63
2011-05-25,119.0,,105.3
2011-05-26,122.25,,108.56
2011-05-27,122.54,,109.21
2011-05-30,121.55,,108.0
2011-05-31,123.31,,109.505
2011-06-01,122.89,,110.31
2011-06-02,119.99,,108.12
2011-06-03,120.05,,108.56
2011-06-06,120.24,,108.36
2011-06-07,122.0,,108.555
2011-06-08,123.56,,109.59
2011-06-09,124.25,,111.34
2011-06-10,124.92,,112.09
2011-06-13,123.58,,111.71
2011-06-14,122.01,,111.71
2011-06-15,123.48,,112.16
2011-06-16,121.21,,108.7
2011-06-17,118.18,,105.9
2011-06-20,119.49,,106.25
2011-06-21,121.43,,107.15
2011-06-22,119.0,,105.9
2011-06-23,120.06,,106.54
2011-06-24,115.07,,102.73
2011-06-27,112.96,,101.11
2011-06-28,114.46,,102.59
2011-06-29,118.01,,104.69
2011-06-30,120.44,,106.91
2011-07-01,123.37,,105.91
2011-07-04,126.03,,106.04
2011-07-05,124.91,,104.97
2011-07-06,124.99,,106.71
2011-07-07,125.34,,108.29
2011-07-08,129.3,,111.58
2011-07-11,127.63,,110.11
2011-07-12,125.2,,108.89
2011-07-13,127.39,,111.3
2011-07-14,126.21,,111.1
2011-07-15,124.6,,109.65
2011-07-18,123.94,,110.51
2011-07-19,124.28,,110.67
2011-07-20,125.5,,111.81
2011-07-21,125.67,,111.36
2011-07-22,127.42,,112.0
2011-07-25,126.83,,111.8
2011-07-26,127.91,,112.1
2011-07-27,128.04,,112.0
2011-07-28,128.14,,112.0
2011-07-29,126.43,,111.05
2011-08-01,129.28,,112.79
2011-08-02,127.2,,109.86
2011-08-03,124.25,,109.56
2011-08-04,122.56,,107.19
2011-08-05,118.0,,101.18
2011-08-08,116.72,,101.65
2011-08-10,115.63,,100.05
2011-08-11,119.18,,101.95
2011-08-12,119.53,,102.11
2011-08-15,121.48,,102.9
2011-08-16,123.55,,103.53
2011-08-17,124.58,,104.96
2011-08-18,124.38,,105.28
2011-08-19,119.83,,101.09
2011-08-22,120.57,,102.08
2011-08-23,121.78,,104.61
2011-08-24,123.64,,104.91
2011-08-25,125.27,,106.72
2011-08-26,125.57,,106.11
2011-08-29,126.27,,107.01
2011-08-31,130.5,,109.81
2011-09-01,130.68,,109.51
2011-09-02,131.18,,109.21
2011-09-05,128.13,,106.95
2011-09-06,126.92,,106.4
2011-09-07,128.1,,109.1
2011-09-08,128.62,,110.41
2011-09-09,127.3,,109.39
2011-09-12,122.98,,105.2
2011-09-13,124.23,,106.75
2011-09-14,123.41,,106.3
2011-09-15,124.61,,107.0
2011-09-16,127.21,,109.65
2011-09-19,125.77,,108.41
2011-09-20,124.07,,106.85
2011-09-21,124.68,,107.65
2011-09-22,122.13,,104.86
2011-09-23,120.61,,104.11
2011-09-26,116.98,,100.4
2011-09-27,119.13,,103.54
2011-09-28,119.53,,103.9
2011-09-29,120.17,,102.16
2011-09-30,119.5,,100.96
2011-10-03,117.3,,97.66
2011-10-04,116.09,,96.45
2011-10-05,118.7,,97.41
2011-10-06,120.45,,99.25
2011-10-07,122.83,,100.86
2011-10-10,122.8,,101.44
2011-10-11,123.4,,102.29
2011-10-12,125.96,,104.77
2011-10-13,124.81,,104.42
2011-10-14,126.17,,105.77
2011-10-17,127.98,,108.96
2011-10-18,123.98,,105.76
2011-10-19,123.73,,107.11
2011-10-20,120.05,,105.21
2011-10-21,121.28,,106.0
2011-10-24,121.64,,106.83
2011-10-25,121.24,,107.74
2011-10-27,120.23,,107.0
2011-10-28,121.57,,108.2
2011-10-31,118.42,,105.92
2011-11-01,115.66,,104.61
2011-11-02,117.29,,106.75
2011-11-03,114.73,,105.16
2011-11-04,116.48,,107.76
2011-11-08,120.08,,111.86
2011-11-09,119.24,,111.6
2011-11-10,116.15,,109.6
2011-11-11,115.37,,111.47
2011-11-14,113.5,,112.15
2011-11-15,111.14,,111.37
2011-11-16,112.5,,111.4
2011-11-17,112.94,,110.93
2011-11-18,109.75,,108.88
2011-11-21,107.95,,107.8
2011-11-22,108.7,,107.9
2011-11-23,109.0,,108.5
2011-11-24,108.85,,107.85
2011-11-25,109.35,,107.6
2011-11-28,109.9,,108.1
2011-11-29,110.3,,108.3
2011-11-30,111.15,,109.41
2011-12-01,111.48,,108.71
2011-12-02,112.68,,108.86
2011-12-05,114.56,,109.55
2011-12-06,112.86,,108.5
2011-12-07,114.46,,109.85
2011-12-08,113.33,,109.18
2011-12-09,111.85,,106.65
2011-12-12,113.55,,106.86
2011-12-13,113.9,,106.39
2011-12-14,115.88,,107.41
2011-12-15,112.98,,104.095
2011-12-16,112.09,,102.65
2011-12-19,110.91,,101.45
2011-12-20,111.53,,102.82
2011-12-21,114.5,,105.68
2011-12-22,114.73,,106.2
2011-12-23,115.27,,106.67
2011-12-27,116.08,,106.2
2011-12-28,115.77,,106.6
2011-12-29,115.74,,105.28
2012-01-03,119.09,,105.6
2012-01-04,122.88,,108.58
2012-01-05,123.69,,110.81
2012-01-06,123.6,,110.0
2012-01-09,123.71,,110.9
2012-01-10,124.15,,110.8
2012-01-11,124.0,,111.12
2012-01-12,123.2,,111.26
2012-01-13,122.43,,110.31
2012-01-16,121.79,,110.07
2012-01-17,123.54,,110.81
2012-01-18,124.21,,110.11
2012-01-19,125.53,,109.94
2012-01-20,125.99,,110.35
2012-01-25,124.6,,108.91
2012-01-26,125.34,,109.33
2012-01-27,125.23,,108.91
2012-01-30,127.26,,109.38
2012-01-31,125.53,,109.1
2012-02-01,125.59,,109.15
2012-02-02,125.5,,109.71
2012-02-03,125.23,,109.15
2012-02-06,126.42,,111.51
2012-02-07,127.21,,113.21
2012-02-08,128.08,,113.81
2012-02-09,130.33,,114.53
2012-02-10,130.36,,115.38
2012-02-13,131.71,,115.97
2012-02-14,130.38,,115.28
2012-02-15,130.78,,116.5
2012-02-16,130.73,,116.25
2012-02-17,133.09,,117.32
2012-02-20,132.52,,117.9
2012-02-21,131.83,,117.78
2012-02-22,133.26,,119.41
2012-02-23,133.41,,120.21
2012-02-24,134.85,,121.53
2012-02-27,135.48,,122.5
2012-02-28,134.78,,121.8
2012-02-29,133.1,,120.01
2012-03-01,133.93,,119.81
2012-03-02,136.19,,122.23
2012-03-05,134.33,,121.02
2012-03-07,133.66,,120.69
2012-03-08,137.05,,123.3
2012-03-09,136.77,,123.63
2012-03-12,137.02,,123.58
2012-03-13,137.45,,124.2
2012-03-14,138.41,,124.16
2012-03-15,138.6,,123.63
2012-03-16,136.74,,122.25
2012-03-19,138.19,,123.86
2012-03-20,137.25,,123.17
2012-03-21,136.96,,123.09
2012-03-22,135.51,,122.0
2012-03-23,136.05,,122.19
2012-03-26,137.95,,122.8
2012-03-27,138.91,,123.16
2012-03-28,137.41,,121.76
2012-03-29,137.13,,121.71
2012-03-30,136.46,,120.41
2012-04-02,136.79,,119.82
2012-04-03,140.13,,121.98
2012-04-04,141.37,,122.02
2012-04-09,136.9,,119.66
2012-04-10,135.66,,119.13
2012-04-11,132.94,,116.75
2012-04-17,134.25,,115.25
2012-04-18,132.78,,115.57
2012-04-19,132.78,,115.43
2012-04-20,131.41,,115.34
2012-04-23,130.48,,114.52
2012-04-24,132.67,,114.41
2012-04-25,132.69,,115.02
2012-04-26,134.09,,115.76
2012-04-27,134.13,,116.27
2012-04-30,135.76,,
2012-05-02,131.78,,116.6
2012-05-03,130.47,,115.52
2012-05-04,127.5,,112.92
2012-05-07,125.91,,109.17
2012-05-08,124.74,,108.97
2012-05-09,123.98,,109.07
2012-05-10,124.03,,109.4
2012-05-11,123.28,,108.45
2012-05-14,122.57,,107.91
2012-05-15,122.25,,108.64
2012-05-16,120.73,,107.74
2012-05-17,120.41,,107.14
2012-05-18,118.01,,104.5
2012-05-21,118.64,,105.09
2012-05-22,119.03,,105.29
2012-05-23,118.03,,103.69
2012-05-24,115.85,,102.3
2012-05-25,117.78,,103.85
2012-05-28,118.4,,104.66
2012-05-29,118.75,,105.0
2012-05-30,117.13,,103.4
2012-05-31,115.2,,101.6
2012-06-04,109.81,,95.05
2012-06-05,110.36,,95.94
2012-06-06,110.87,,97.15
2012-06-07,109.7,,97.5
2012-06-08,106.99,,95.6
2012-06-11,109.99,,98.61
2012-06-12,105.55,,95.4
2012-06-13,105.8,,96.09
2012-06-15,105.62,,96.65
2012-06-18,104.48,,96.18
2012-06-19,101.89,,93.8
2012-06-20,101.85,,94.29
2012-06-21,97.19,,90.67
2012-06-22,96.28,,89.1
2012-06-25,97.79,,89.8
2012-06-26,99.71,,91.0
2012-06-27,100.56,,91.25
2012-06-28,100.05,,92.21
2012-06-29,101.1,,92.91
2012-07-02,104.37,,94.42
2012-07-03,105.31,,95.21
2012-07-04,107.47,,97.15
2012-07-05,108.64,,98.04
2012-07-06,109.68,,97.61
2012-07-09,108.73,,96.5
2012-07-10,109.33,,96.41
2012-07-11,109.57,,96.45
2012-07-12,110.19,,97.05
2012-07-13,113.14,,98.35
2012-07-16,114.75,,98.79
2012-07-17,115.57,,100.85
2012-07-18,115.43,,100.94
2012-07-19,119.08,,102.79
2012-07-20,120.88,,103.46
2012-07-23,117.58,,99.62
2012-07-24,117.27,,100.41
2012-07-25,116.41,,100.22
2012-07-26,115.91,,100.5
2012-07-27,117.36,,102.15
2012-07-30,118.12,,102.39
2012-07-31,118.12,,101.89
2012-08-01,119.41,,
2012-08-02,,,102.46
2012-08-03,123.18,,
2012-08-06,124.52,,104.41
2012-08-07,125.9,,106.0
2012-08-08,128.53,,106.85
2012-08-13,131.75,,108.59
2012-08-14,131.57,,109.37
2012-08-15,129.54,,109.3
2012-08-16,131.12,,111.28
2012-08-17,130.27,,111.05
2012-08-21,129.56,,111.65
2012-08-22,127.63,,111.55
2012-08-23,128.87,,113.29
2012-08-24,127.87,,111.51
2012-08-27,128.89,,111.92
2012-08-28,126.18,,109.99
2012-08-29,124.33,,109.49
2012-08-30,124.13,,110.25
2012-08-31,122.64,,110.35
2012-09-03,123.15,,111.92
2012-09-04,125.06,,113.51
2012-09-05,122.46,,111.5
2012-09-06,123.94,,112.05
2012-09-07,126.09,,111.81
2012-09-10,127.85,,112.91
2012-09-11,127.82,,113.1
2012-09-12,129.0,,113.92
2012-09-13,128.41,,113.7
2012-09-14,129.68,,115.45
2012-09-17,128.83,,114.75
2012-09-18,125.67,,111.86
2012-09-19,124.93,,110.8
2012-09-20,122.56,,105.66
2012-09-21,124.74,,108.25
2012-09-24,124.73,,108.2
2012-09-25,124.92,,108.6
2012-09-26,123.87,,107.65
2012-09-27,126.61,,108.1
2012-09-28,129.1,,110.61
2012-10-01,128.55,,109.26
2012-10-02,127.44,,109.53
2012-10-03,124.2,,108.23
2012-10-04,123.35,,106.34
2012-10-05,128.19,,109.09
2012-10-08,127.94,,107.6
2012-10-09,128.6,,108.9
2012-10-10,130.15,,110.6
2012-10-11,130.2,,111.0
2012-10-12,129.0,,111.18
2012-10-15,127.67,,110.59
2012-10-16,127.62,,111.35
2012-10-17,125.43,,110.95
2012-10-18,124.32,,110.8
2012-10-19,124.08,,110.15
2012-10-23,118.14,,107.25
2012-10-24,116.93,,106.97
2012-10-25,115.51,,107.2
2012-10-29,116.8,,106.35
2012-10-30,117.55,,106.88
2012-10-31,117.71,,106.88
2012-11-01,115.47,,106.8
2012-11-02,115.13,,106.05
2012-11-05,112.48,,103.35
2012-11-06,115.53,,105.1
2012-11-07,119.76,,108.32
2012-11-08,116.21,,104.78
2012-11-09,116.52,,104.86
2012-11-12,119.36,,106.4
2012-11-14,118.88,,105.9
2012-11-15,122.13,,107.36
2012-11-16,121.19,,107.25
2012-11-19,122.98,,108.36
2012-11-20,123.78,,109.5
2012-11-21,121.47,,108.55
2012-11-22,122.58,,108.75
2012-11-23,123.01,,108.75
2012-11-26,122.76,,109.35
2012-11-27,121.33,,109.05
2012-11-28,120.43,,107.7
2012-11-29,120.14,,107.25
2012-11-30,120.77,,109.0
2012-12-03,120.68,,108.27
2012-12-05,118.44,,107.41
2012-12-06,116.14,,106.01
2012-12-10,116.45,,104.57
2012-12-11,116.58,,104.21
2012-12-12,117.0,,104.81
2012-12-13,117.83,,105.67
2012-12-14,116.07,,105.09
2012-12-17,117.81,,105.71
2012-12-18,118.24,,105.76
2012-12-19,118.45,,106.31
2012-12-20,119.58,,106.87
2012-12-21,120.04,,106.8
2012-12-24,119.93,,106.0
2012-12-26,120.75,,106.86
2012-12-27,122.85,,108.15
2013-01-02,123.69,,107.51
2013-01-03,122.99,,107.71
2013-01-04,121.49,,107.45
2013-01-07,121.01,,106.6
2013-01-08,121.43,,107.29
2013-01-09,121.89,,108.02
2013-01-10,121.85,,108.1
2013-01-11,120.73,,107.84
2013-01-14,118.86,,106.85
2013-01-15,120.34,,107.4
2013-01-16,119.49,,106.59
2013-01-17,119.83,,106.5
2013-01-18,121.43,,107.55
2013-01-21,122.43,,107.89
2013-01-22,122.62,,107.85
2013-01-23,123.83,,108.2
2013-01-24,124.06,,108.29
2013-01-25,125.12,,109.15
2013-01-28,124.5,,108.8
2013-01-29,125.74,,108.55
2013-01-30,128.23,,109.65
2013-01-31,129.37,,110.83
2013-02-01,130.12,,110.45
2013-02-04,131.29,,111.63
2013-02-05,129.98,,110.59
2013-02-06,132.01,,111.61
2013-02-07,134.71,,112.38
2013-02-08,134.63,,112.63
2013-02-13,135.81,,113.65
2013-02-14,135.44,,113.27
2013-02-15,135.91,,113.1
2013-02-18,135.75,,112.94
2013-02-19,135.11,,112.0
2013-02-20,134.55,,112.26
2013-02-21,132.76,,109.81
2013-02-25,133.61,,109.76
2013-02-26,130.91,,108.81
2013-02-27,130.18,,108.5
2013-02-28,126.38,,106.75
2013-03-04,127.18,,104.75
2013-03-05,125.05,,105.65
2013-03-06,126.53,,106.85
2013-03-07,124.33,,106.19
2013-03-08,125.39,,106.55
2013-03-11,125.68,,106.41
2013-03-12,124.27,,105.5
2013-03-13,124.43,,105.5
2013-03-14,123.16,,104.6
2013-03-15,123.6,,105.1
2013-03-18,123.42,,105.01
2013-03-19,123.43,,105.85
2013-03-20,121.81,,104.75
2013-03-21,122.66,,105.1
2013-03-22,120.97,,104.1
2013-03-25,121.83,,105.0
2013-03-26,122.3,,105.15
2013-03-27,123.61,,106.25
2013-03-28,123.99,,107.9
2013-04-01,123.96,,107.33
2013-04-02,125.67,,108.36
2013-04-03,122.26,,107.84
2013-04-04,116.64,,105.0
2013-04-08,114.57,,103.15
2013-04-09,114.53,,103.1
2013-04-10,114.87,,103.72
2013-04-11,112.74,,103.05
2013-04-12,111.93,,101.64
2013-04-15,109.55,,99.27
2013-04-16,107.7,,97.9
2013-04-17,109.89,,98.03
2013-04-18,109.24,,96.74
2013-04-19,111.61,,98.11
2013-04-22,111.69,,98.25
2013-04-23,110.35,,98.16
2013-04-24,110.54,,99.6
2013-04-25,111.98,,100.19
2013-04-26,113.81,,101.05
2013-04-29,113.93,,101.05
2013-04-30,113.44,,101.26
2013-05-02,109.16,,97.91
2013-05-03,110.56,,99.92
2013-05-06,112.79,,101.8
2013-05-07,114.13,,101.9
2013-05-08,113.5,,101.7
2013-05-09,114.01,,101.23
2013-05-10,115.58,,101.35
2013-05-13,114.94,,100.2
2013-05-14,114.38,,99.99
2013-05-15,113.72,,99.25
2013-05-16,113.97,,100.04
2013-05-17,114.76,,100.9
2013-05-20,114.86,,101.5
2013-05-21,115.44,,101.36
2013-05-22,114.98,,100.4
2013-05-23,115.93,,98.69
2013-05-27,115.98,,99.4
2013-05-28,117.31,,100.4
2013-05-29,116.69,,100.59
2013-05-30,114.55,,99.49
2013-05-31,115.11,,98.79
2013-06-03,114.75,,97.55
2013-06-04,116.29,,98.81
2013-06-05,119.78,,100.35
2013-06-06,118.33,,100.11
2013-06-07,119.13,,100.61
2013-06-10,119.79,,100.6
2013-06-11,119.1,,100.43
2013-06-12,117.79,,99.75
2013-06-13,116.95,,100.12
2013-06-14,118.54,,102.4
2013-06-17,119.89,,103.41
2013-06-18,118.34,,102.3
2013-06-19,119.68,,103.3
2013-06-20,118.6,,101.4
2013-06-21,118.44,,100.0
2013-06-24,117.0,,94.53
2013-06-25,116.84,,99.2
2013-06-26,115.48,,98.85
2013-06-27,115.77,,99.36
2013-06-28,116.51,,100.4
2013-07-01,116.97,,99.02
2013-07-02,118.34,,99.4
2013-07-03,119.59,,101.05
2013-07-04,120.11,,101.5
2013-07-05,120.02,,101.76
2013-07-08,120.42,,102.89
2013-07-09,120.95,,103.01
2013-07-10,125.81,,103.7
2013-07-11,128.6,,104.1
2013-07-12,128.37,,103.5
2013-07-15,128.83,,104.09
2013-07-16,128.19,,104.3
2013-07-17,125.39,,103.9
2013-07-18,125.01,,104.95
2013-07-19,124.39,,105.45
2013-07-22,122.82,,105.5
2013-07-23,119.28,,104.8
2013-07-24,119.45,,104.85
2013-07-25,117.85,,104.7
2013-07-26,117.32,,104.8
2013-07-29,118.06,,104.7
2013-07-30,117.76,,104.65
2013-07-31,116.28,,104.4
2013-08-01,117.4,,104.46
2013-08-02,117.94,,105.8
2013-08-05,116.27,,105.44
2013-08-06,114.93,,104.46
2013-08-07,115.45,,103.79
2013-08-12,115.13,,103.89
2013-08-13,117.16,,105.7
2013-08-14,116.45,,105.54
2013-08-15,116.2,,107.1
2013-08-16,116.62,,106.85
2013-08-19,117.47,,107.34
2013-08-20,115.83,,106.13
2013-08-21,115.42,,106.7
2013-08-22,115.18,,107.6
2013-08-23,116.02,,108.11
2013-08-26,117.3,,108.45
2013-08-27,117.08,,107.9
2013-08-28,121.27,,112.21
2013-08-29,121.69,,112.91
2013-08-30,121.1,,111.5
2013-09-02,120.74,,109.01
2013-09-03,121.57,,109.8
2013-09-04,110.65,,110.65
2013-09-05,121.89,,110.11
2013-09-06,121.33,,110.4
2013-09-09,120.4,,110.7
2013-09-10,117.12,,109.15
2013-09-11,115.39,,108.85
2013-09-12,114.84,,109.21
2013-09-13,116.45,,109.41
2013-09-16,116.18,,109.21
2013-09-17,115.13,,107.91
2013-09-18,112.57,,106.7
2013-09-19,117.51,,108.85
2013-09-20,117.67,,107.5
2013-09-23,115.89,,106.94
2013-09-24,115.05,,105.81
2013-09-25,116.01,,105.6
2013-09-26,115.42,,106.0
2013-09-27,116.37,,106.1
2013-09-30,114.31,,104.8
2013-10-01,113.71,,104.55
2013-10-02,112.39,,104.71
2013-10-03,114.39,,106.01
2013-10-04,114.41,,106.16
2013-10-07,113.09,,105.3
2013-10-08,114.82,,106.4
2013-10-09,115.07,,106.81
2013-10-10,114.88,,106.9
2013-10-11,116.35,,108.13
2013-10-14,115.96,,108.08
2013-10-15,,,108.42
2013-10-16,115.05,,107.0
2013-10-17,116.1,,107.55
2013-10-18,114.36,,106.7
2013-10-21,115.08,,107.3
2013-10-22,115.14,,107.5
2013-10-23,114.01,,106.42
2013-10-24,113.05,,106.5
2013-10-25,112.29,,105.59
2013-10-28,113.07,,105.8
2013-10-29,114.3,,106.89
2013-10-30,113.97,,106.91
2013-10-31,114.32,,107.91
2013-11-01,114.74,,107.19
2013-11-04,112.16,,105.35
2013-11-05,111.38,,104.9
2013-11-06,111.61,,104.6
2013-11-07,111.74,,103.7
2013-11-08,112.19,,102.4
2013-11-11,113.44,,103.55
2013-11-12,113.56,,104.4
2013-11-13,113.51,,104.2
2013-11-14,115.98,,105.64
2013-11-15,116.96,,106.59
2013-11-18,115.66,,106.03
2013-11-19,115.47,,106.05
2013-11-20,114.89,,105.15
2013-11-21,116.11,,105.86
2013-11-22,118.03,,107.56
2013-11-25,116.69,,106.81
2013-11-26,116.94,,108.55
2013-11-27,117.19,,108.66
2013-11-28,117.48,,108.99
2013-11-29,116.92,,108.7
2013-12-02,115.84,,107.21
2013-12-03,116.85,,108.21
2013-12-05,117.73,,108.36
2013-12-06,118.34,,108.16
2013-12-10,117.85,,107.07
2013-12-11,117.6,,107.02
2013-12-12,117.95,,107.47
2013-12-13,116.59,,106.26
2013-12-16,116.97,,106.57
2013-12-17,117.57,,106.64
2013-12-18,117.11,,106.34
2013-12-19,118.04,,106.99
2013-12-20,119.4,,107.06
2013-12-23,121.18,,109.04
2013-12-24,120.77,,109.11
2013-12-26,121.98,,109.09
2014-01-02,122.31,,107.8
2014-01-03,119.61,,105.24
2014-01-06,117.92,,104.26
2014-01-07,118.02,,104.32
2014-01-08,118.2,,104.35
2014-01-09,117.91,,104.15
2014-01-13,118.43,,103.45
2014-01-14,117.22,,103.2
2014-01-15,116.42,,102.62
2014-01-17,116.16,,102.8
2014-01-20,116.25,,103.2
2014-01-21,117.65,,103.69
2014-01-22,117.62,,103.9
2014-01-23,118.87,,104.59
2014-01-24,118.58,,104.3
2014-01-27,118.38,,104.21
2014-01-28,117.5,,103.88
2014-01-29,117.65,,103.69
2014-01-30,118.27,,103.71
2014-02-03,116.02,,102.2
2014-02-04,115.51,,101.99
2014-02-05,115.54,,102.2
2014-02-06,115.92,,102.59
2014-02-07,117.14,,103.35
2014-02-10,119.78,,104.9
2014-02-11,120.14,,104.95
2014-02-12,120.74,,105.2
2014-02-14,120.46,,105.46
2014-02-17,121.32,,106.19
2014-02-18,121.02,,106.06
2014-02-19,121.68,,106.85
2014-02-20,120.78,,106.8
2014-02-21,121.45,,106.96
2014-02-24,121.44,,106.45
2014-02-25,122.14,,106.6
2014-02-26,121.05,,105.9
2014-02-27,120.97,,105.8
2014-02-28,120.87,,105.41
2014-03-03,123.07,,107.24
2014-03-04,121.64,,106.06
2014-03-05,121.36,,105.35
2014-03-06,120.14,,103.96
2014-03-07,121.16,,104.35
2014-03-10,121.08,,104.2
2014-03-11,121.1,,104.21
2014-03-12,120.22,,103.8
2014-03-13,120.0,,104.15
2014-03-14,119.36,,103.96
2014-03-17,118.84,,104.6
2014-03-18,117.21,,103.45
2014-03-19,117.45,,103.41
2014-03-20,116.61,,102.96
2014-03-21,118.34,,103.64
2014-03-24,118.05,,103.6
2014-03-25,117.65,,104.0
2014-03-26,117.61,,104.3
2014-03-27,117.68,,104.05
2014-03-28,119.34,,104.6
2014-03-31,118.76,,104.76
2014-04-01,119.4,,104.05
2014-04-02,117.34,,102.45
2014-04-03,116.93,,101.45
2014-04-07,119.81,,102.3
2014-04-08,120.12,,103.15
2014-04-09,120.99,,104.1
2014-04-10,121.57,,104.6
2014-04-11,,,104.07
2014-04-16,122.55,,106.414
2014-04-17,123.5,,105.85
2014-04-21,123.58,,105.7
2014-04-22,123.54,,106.06
2014-04-23,123.1,,106.02
2014-04-24,123.21,,105.76
2014-04-25,123.46,,106.4
2014-04-28,122.7,,106.29
2014-04-29,120.74,,105.25
2014-05-05,118.65,,104.69
2014-05-06,117.39,,103.91
2014-05-07,116.84,,103.59
2014-05-08,119.01,,104.1
2014-05-09,120.61,,105.01
2014-05-14,121.74,,105.7
2014-05-15,121.68,,105.79
2014-05-16,122.02,,105.75
2014-05-19,122.99,,106.5
2014-05-20,122.68,,106.12
2014-05-21,121.95,,106.6
2014-05-22,122.61,,106.96
2014-05-23,123.59,,106.86
2014-05-26,123.58,,106.6
2014-05-27,123.54,,106.8
2014-05-28,123.23,,106.7
2014-05-29,123.46,,106.49
2014-05-30,123.15,,106.3
2014-06-02,121.72,,105.91
2014-06-03,120.3,,105.11
2014-06-04,119.83,,105.65
2014-06-05,118.78,,104.5
2014-06-06,120.3,,105.36
2014-06-09,119.51,,105.06
2014-06-10,120.34,,105.7
2014-06-11,119.74,,106.0
2014-06-12,121.07,,106.95
2014-06-13,123.67,,109.55
2014-06-16,122.43,,109.2
2014-06-17,124.41,,108.75
2014-06-18,126.18,,109.95
2014-06-19,126.72,,110.49
2014-06-20,127.26,,110.71
2014-06-23,127.71,,111.16
2014-06-24,125.9,,109.76
2014-06-25,126.98,,110.05
2014-06-26,127.62,,109.9
2014-06-27,128.8,,109.7
2014-06-30,129.32,,109.21
2014-07-01,129.37,,109.16
2014-07-02,127.55,,109.16
2014-07-03,125.63,,107.71
2014-07-04,126.92,,107.99
2014-07-07,125.46,,107.42
2014-07-08,124.39,,106.92
2014-07-09,123.55,,106.1
2014-07-10,,,105.84
2014-07-11,,,106.17
2014-07-14,123.15,,104.72
2014-07-15,123.48,,104.7
2014-07-16,123.13,,105.0
2014-07-17,121.31,,104.95
2014-07-18,121.2,,105.65
2014-07-21,119.62,,104.65
2014-07-22,120.32,,105.95
2014-07-23,118.98,,105.05
2014-07-24,117.81,,105.95
2014-07-25,117.03,,105.79
2014-07-29,116.69,,106.2
2014-07-30,116.41,,106.1
2014-07-31,114.28,,104.4
2014-08-01,113.84,,104.6
2014-08-04,111.06,,103.68
2014-08-05,110.69,,103.69
2014-08-06,111.48,,103.14
2014-08-07,111.73,,103.3
2014-08-12,112.16,,102.95
2014-08-13,111.1,,101.59
2014-08-14,110.55,,102.6
2014-08-15,108.43,,100.4
2014-08-18,108.88,,100.49
2014-08-19,109.47,,99.8
2014-08-20,110.52,,100.09
2014-08-21,109.74,,99.29
2014-08-22,111.73,,99.99
2014-08-25,111.41,,100.11
2014-08-26,112.22,,100.76
2014-08-27,112.3,,101.2
2014-08-28,112.86,,100.59
2014-08-29,113.06,,100.29
2014-09-01,112.57,,100.93
2014-09-02,111.97,,100.19
2014-09-03,111.37,,98.91
2014-09-04,112.88,,99.9
2014-09-05,112.52,,99.48
2014-09-08,110.6,,97.8
2014-09-09,110.53,,97.79
2014-09-10,110.99,,96.99
2014-09-11,110.39,,95.8
2014-09-12,111.76,,96.81
2014-09-15,110.03,,95.07
2014-09-16,110.64,,95.74
2014-09-17,,,96.21
2014-09-18,110.1,,95.8
2014-09-19,108.68,,94.6
2014-09-22,108.48,,94.94
2014-09-23,108.52,,94.59
2014-09-24,109.82,,94.39
2014-09-25,110.58,,94.29
2014-09-26,110.09,,94.09
2014-09-29,108.83,,94.0
2014-09-30,111.04,,94.61
2014-10-01,108.72,,93.5
2014-10-02,107.84,,91.8
2014-10-03,108.59,,92.5
2014-10-07,107.38,,91.15
2014-10-08,105.84,,90.1
2014-10-09,105.82,,90.5
2014-10-10,101.74,,88.0
2014-10-13,100.42,,87.7
2014-10-14,100.91,,87.85
2014-10-15,97.66,,83.7
2014-10-16,97.29,,82.6
2014-10-17,99.65,,85.05
2014-10-20,98.82,,83.99
2014-10-21,97.91,,83.1
2014-10-23,96.11,,82.7
2014-10-24,97.33,,84.3
2014-10-27,97.78,,84.2
2014-10-28,96.87,,83.91
2014-10-29,98.29,,84.5
2014-10-30,100.07,,84.4
2014-10-31,99.52,,83.61
2014-11-03,96.48,,82.29
2014-11-04,93.38,,80.29
2014-11-05,91.52,,78.7
2014-11-06,93.11,,79.16
2014-11-07,93.93,,79.18
2014-11-10,94.63,,80.19
2014-11-11,92.1,,78.09
2014-11-12,93.1,,77.79
2014-11-13,90.37,,76.4
2014-11-14,87.69,,73.39
2014-11-17,87.91,,74.19
2014-11-18,88.35,,76.8
2014-11-19,87.9,,74.3
2014-11-20,87.48,,74.14
2014-11-21,89.45,,75.75
2014-11-24,91.93,,76.8
2014-11-25,91.42,,75.59
2014-11-26,89.73,,74.21
2014-11-27,87.23,,72.14
2014-11-28,82.86,,68.91
2014-12-01,79.08,,65.9
2014-12-02,82.06,,68.8
2014-12-03,80.01,,67.99
2014-12-04,,,67.65
2014-12-05,76.75,,66.04
2014-12-08,75.66,,65.21
2014-12-09,,,63.4
2014-12-10,73.43,,62.7
2014-12-11,72.02,,61.51
2014-12-12,70.65,,59.81
2014-12-15,70.44,,59.41
2014-12-16,67.08,,56.26
2014-12-17,67.1,,55.8
2014-12-18,69.27,,57.3
2014-12-19,67.78,,55.4
2014-12-22,71.01,,58.6
2014-12-23,68.46,,56.01
2014-12-24,70.31,,57.31
2014-12-29,68.16,,55.69
2015-01-02,65.58,,54.09
2015-01-05,62.67,,51.4
2015-01-06,59.82,,48.7
2015-01-07,57.36,,45.91
2015-01-08,58.12,,47.26
2015-01-09,57.89,,47.2
2015-01-12,55.4,,45.4
2015-01-13,52.69,,42.59
2015-01-14,53.51,,42.05
2015-01-15,56.52,,44.0
2015-01-16,56.64,,43.9
2015-01-19,57.48,,44.8
2015-01-20,56.39,,44.0
2015-01-21,56.38,,44.15
2015-01-22,56.14,,44.58
2015-01-23,57.54,,45.2
2015-01-26,56.04,,44.01
2015-01-27,55.73,,44.41
2015-01-28,57.47,,44.95
2015-01-29,57.59,,44.45
2015-01-30,58.79,,45.3
2015-02-02,61.89,,49.11
2015-02-03,66.94,,53.11
2015-02-04,68.7,,54.41
2015-02-05,64.86,,51.26
2015-02-06,68.21,,54.7
2015-02-09,69.85,,54.83
2015-02-10,69.55,,55.2
2015-02-11,68.9,,54.6
2015-02-12,68.54,,54.21
2015-02-13,72.29,,57.21
2015-02-16,72.63,,57.81
2015-02-17,,,58.51
2015-02-18,,,59.5
2015-02-23,72.62,,56.21
2015-02-24,71.37,,55.3
2015-02-25,71.81,,55.29
2015-02-26,76.49,,58.1
2015-02-27,76.63,,58.07
2015-03-02,77.56,,59.4
2015-03-03,,,57.489999999999995
2015-03-04,77.31,,58.01
2015-03-05,76.93,,57.91
2015-03-06,77.04,,58.3
2015-03-09,75.96,,56.79
2015-03-10,76.24,,55.3
2015-03-11,74.12,,54.09
2015-03-12,74.7,,55.55
2015-03-13,73.34,,54.25
2015-03-16,70.65,,51.84
2015-03-17,69.59,,51.19
2015-03-18,69.29,,50.7
2015-03-19,71.48,,52.5
2015-03-20,71.37,,51.73
2015-03-23,71.74,,52.41
2015-03-24,72.69,,53.55
2015-03-25,72.52,,52.85
2015-03-26,76.66,,56.89
2015-03-27,75.29,,54.79
2015-03-30,72.67,,53.19
2015-03-31,71.11,,53.4
2015-04-01,70.21,,53.39
2015-04-02,71.5,,54.9
2015-04-06,69.84,,54.64
2015-04-07,71.47,,55.3
2015-04-08,72.3,,56.09
2015-04-09,,,55.6
2015-04-10,68.39,,
2015-04-13,,,57.49
2015-04-14,,,57.1
2015-04-15,74.77,,58.14
2015-04-16,78.14,,60.1
2015-04-17,77.95,,60.9
2015-04-20,77.94,,60.99
2015-04-21,76.84,,60.4
2015-04-22,75.5,,59.15
2015-04-23,77.7,,59.6
2015-04-24,82.03,,62.5
2015-04-27,82.18,,62.5
2015-04-28,81.57,,61.5
2015-04-29,80.62,,
2015-05-05,82.98,,64.61
2015-05-06,84.53,,66.51
2015-05-07,83.2,,66.15
2015-05-08,81.57,,64.0
2015-05-11,83.27,,63.7
2015-05-12,82.81,,63.41
2015-05-13,85.03,,65.26
2015-05-14,84.03,,64.5
2015-05-15,85.24,,64.09
2015-05-18,86.53,,64.55
2015-05-19,85.3,,62.81
2015-05-20,84.37,,62.29
2015-05-21,84.07,,62.61
2015-05-22,85.39,,63.45
2015-05-25,84.15,,62.0
2015-05-26,83.45,,62.34
2015-05-27,82.2,,62.4
2015-05-28,80.21,,60.95
2015-06-02,85.04,,63.61
2015-06-03,83.56,,63.26
2015-06-04,82.77,,61.4
2015-06-05,81.09,,59.65
2015-06-08,84.19,,60.8
2015-06-09,84.55,,61.36
2015-06-10,88.14,,64.05
2015-06-11,88.08,,64.05
2015-06-12,86.1,,62.75
2015-06-15,85.47,,61.82
2015-06-16,86.0,,61.56
2015-06-17,86.8,,61.85
2015-06-18,86.12,,62.01
2015-06-19,84.39,,62.0
2015-06-22,82.09,,61.11
2015-06-23,81.38,,61.29
2015-06-24,83.28,,62.75
2015-06-25,82.05,,61.7
2015-06-26,81.2,,60.69
2015-06-29,79.98,,60.0
2015-06-30,80.9,,60.19
2015-07-01,80.26,,61.9
2015-07-02,78.13,,61.05
2015-07-03,78.55,,60.4
2015-07-06,76.88,,58.19
2015-07-07,75.58,,56.5
2015-07-08,75.45,,55.59
2015-07-09,79.33,,57.2
2015-07-10,80.21,,58.11
2015-07-13,78.26,,57.0
2015-07-14,76.79,,55.89
2015-07-15,76.79,,56.86
2015-07-16,75.97,,55.85
2015-07-17,,,55.85
2015-07-20,76.28,,55.71
2015-07-21,75.28,,55.4
2015-07-22,74.74,,55.49
2015-07-23,73.95,,55.14
2015-07-24,74.28,,54.29
2015-07-27,73.98,,53.5
2015-07-28,72.16,,52.31
2015-07-31,73.86,,53.1
2015-08-03,71.96,,51.2
2015-08-04,70.67,,50.4
2015-08-05,72.2,,50.3
2015-08-06,74.56,,49.6
2015-08-11,71.13,,
2015-08-12,70.21,,49.5
2015-08-13,70.7,,50.1
2015-08-14,69.74,,49.25
2015-08-17,67.32,,48.29
2015-08-18,66.84,,48.25
2015-08-19,66.28,,48.4
2015-08-20,63.03,,46.6
2015-08-21,61.83,,45.65
2015-08-24,59.76,,43.4
2015-08-25,58.7,,42.81
2015-08-26,58.08,,42.85
2015-08-27,58.93,,44.1
2015-08-28,61.77,,46.35
2015-08-31,63.38,,48.41
2015-09-01,66.74,,49.5
2015-09-02,64.4,,46.34
2015-09-03,66.24,,48.01
2015-09-04,67.1,,47.95
2015-09-07,66.43,,46.7
2015-09-08,65.49,,45.75
2015-09-09,66.3,,47.31
2015-09-10,64.11,,45.5
2015-09-14,64.19,,44.7
2015-09-15,62.23,,43.4
2015-09-16,64.27,,44.07
2015-09-17,65.32,,45.45
2015-09-18,65.01,,44.95
2015-09-21,64.04,,43.8
2015-09-22,65.13,,44.2
2015-09-23,67.52,,45.34
2015-09-25,65.37,,43.79
2015-09-28,65.68,,43.89
2015-09-29,64.45,,43.35
2015-09-30,64.7,,43.5
2015-10-01,67.42,,45.75
2015-10-02,66.06,,45.12
2015-10-05,65.77,,45.8
2015-10-06,65.54,,46.41
2015-10-07,67.3,,49.79
2015-10-08,65.4,,48.82
2015-10-09,65.61,,50.5
2015-10-12,66.28,,49.66
2015-10-13,64.68,,47.15
2015-10-14,63.89,,46.2
2015-10-15,63.94,,46.01
2015-10-16,63.94,,46.5
2015-10-19,62.37,,45.99
2015-10-20,59.64,,44.51
2015-10-21,59.16,,44.51
2015-10-23,61.28,,44.15
2015-10-26,60.91,,43.85
2015-10-27,60.28,,43.04
2015-10-28,60.53,,43.05
2015-10-29,62.28,,44.8
2015-10-30,61.63,,43.29
2015-11-02,61.8,,45.75
2015-11-03,60.69,,44.99
2015-11-05,60.7,,44.91
2015-11-06,61.06,,44.45
2015-11-09,60.73,,43.85
2015-11-11,59.61,,43.3
2015-11-12,59.6,,42.1
2015-11-13,58.3,,41.0
2015-11-16,57.55,,39.61
2015-11-17,56.59,,39.77
2015-11-18,56.82,,39.21
2015-11-19,57.4,,39.75
2015-11-20,57.21,,39.26
2015-11-23,56.41,,38.79
2015-11-24,58.46,,40.25
2015-11-25,60.07,,40.81
2015-11-26,59.5,,40.5
2015-11-27,59.02,,39.54
2015-11-30,58.9,,39.61
2015-12-01,58.63,,40.7
2015-12-02,58.28,,40.21
2015-12-03,56.45,,38.99
2015-12-04,56.354000000000006,,39.58
2015-12-07,56.27,,38.15
2015-12-08,54.33,,36.46
2015-12-09,54.63,,35.85
2015-12-10,56.02,,35.9
2015-12-11,57.26,,35.18
2015-12-14,57.68,,33.47
2015-12-15,54.79,,32.8
2015-12-16,55.57,,33.15
2015-12-17,55.0,,32.05
2015-12-18,56.45,,32.21
2015-12-21,55.22,,31.4
2015-12-22,53.72,,31.99
2015-12-23,52.62,,31.72
2015-12-24,55.57,,32.84
2015-12-28,54.79,,32.34
2015-12-29,54.08,,31.9
2015-12-30,55.050000000000004,,31.81
2016-01-04,55.7,,32.4
2016-01-05,56.84,,31.2
2016-01-06,54.9,,30.2
2016-01-07,51.13,,27.35
2016-01-08,52.98,,29.2
2016-01-11,51.01,,28.1
2016-01-12,51.31,,26.5
2016-01-13,50.74,,26.6
2016-01-14,49.76,,25.3
2016-01-15,48.95,,25.55
2016-01-18,46.68,,23.69
2016-01-19,48.3,,23.8
2016-01-20,47.02,,22.85
2016-01-21,47.31,,22.8
2016-01-22,49.85,,25.07
2016-01-25,50.16,,26.12
2016-01-26,47.45,,24.5
2016-01-27,48.37,,26.3
2016-01-28,49.11,,28.4
2016-01-29,50.88,,30.26
2016-02-01,49.91,,30.92
2016-02-02,47.34,,29.35
2016-02-03,43.37,,28.8
2016-02-04,46.16,,30.8
2016-02-05,45.26,,30.1
2016-02-10,39.31,,26.64
2016-02-11,39.97,,25.85
2016-02-12,42.98,,26.65
2016-02-15,45.61,,29.1
2016-02-16,46.41,,31.29
2016-02-17,42.15,,28.04
2016-02-18,43.97,,30.8
2016-02-19,43.11,,30.21
2016-02-22,43.44,,29.5
2016-02-23,43.72,,29.71
2016-02-24,43.32,,28.8
2016-02-25,45.32,,29.8
2016-02-26,48.05,,30.49
2016-02-29,46.3,,29.9
2016-03-01,48.36,,31.9
2016-03-02,47.54,,31.89
2016-03-03,48.06,,31.72
2016-03-04,48.59,,32.25
2016-03-07,50.95,,34.41
2016-03-08,52.3,,36.66
2016-03-09,52.5,,35.03
2016-03-10,54.92,,35.91
2016-03-11,55.21,,36.05
2016-03-14,54.02,,35.29
2016-03-15,52.15,,34.16
2016-03-16,52.34,,34.56
2016-03-17,54.02,,36.88
2016-03-18,54.15,,37.65
2016-03-21,53.62,,37.0
2016-03-22,54.85,,37.41
2016-03-23,55.93,,37.15
2016-03-24,54.16,,36.01
2016-03-28,55.36,,36.4
2016-03-29,54.45,,35.39
2016-03-30,54.45,,35.4
2016-03-31,53.05,,34.91
2016-04-01,52.45,,36.21
2016-04-04,51.14,,34.81
2016-04-05,50.519999999999996,,33.800000000000004
2016-04-06,51.22,,34.71
2016-04-07,52.2,,36.25
2016-04-08,53.25,,36.61
2016-04-11,54.62,,37.71
2016-04-15,54.35,,39.5
2016-04-18,51.54,,37.55
2016-04-19,52.66,,39.31
2016-04-20,53.48,,39.21
2016-04-21,55.76,,41.95
2016-04-22,55.88,,41.05
2016-04-25,55.91,,40.76
2016-04-26,56.69,,40.85
2016-04-27,59.06,,42.6
2016-04-28,58.81,,43.19
2016-05-03,57.34,,43.0
2016-05-05,56.58,,42.5
2016-05-06,55.36,,41.61
2016-05-09,56.59,,42.75
2016-05-10,55.43,,41.1
2016-05-11,56.04,,42.05
2016-05-12,59.07,,44.51
2016-05-13,58.57,,44.3
2016-05-16,60.22,,45.2
2016-05-17,60.55,,45.65
2016-05-18,61.02,,45.66
2016-05-20,60.84,,45.84
2016-05-23,60.33,,45.02
2016-05-24,61.63,,44.62
2016-05-25,62.14,,45.94
2016-05-26,61.94,,46.34
2016-05-27,60.54,,45.5
2016-05-30,61.04,,45.55
2016-05-31,60.88,,45.8
2016-06-01,59.9,,45.61
2016-06-02,60.83,,46.16
2016-06-03,60.59,,46.31
2016-06-06,60.18,,46.21
2016-06-07,59.38,,47.0
2016-06-08,59.63,,48.13
2016-06-09,61.78,,48.81
2016-06-10,61.28,,47.85
2016-06-14,58.29,,46.2
2016-06-15,57.51,,46.01
2016-06-16,57.15,,44.8
2016-06-17,57.03,,44.44
2016-06-20,58.95,,46.49
2016-06-21,59.88,,46.39
2016-06-22,60.81,,47.03
2016-06-23,59.98,,46.45
2016-06-24,58.23,,45.39
2016-06-27,58.09,,45.05
2016-06-28,56.93,,44.5
2016-06-29,57.49,,45.69
2016-06-30,57.8,,46.4
2016-07-01,56.18,,45.2
2016-07-04,57.39,,46.13
2016-07-05,55.79,,44.72
2016-07-07,53.66,,44.7
2016-07-08,50.75,,42.49
2016-07-11,50.02,,41.95
2016-07-12,52.18,,42.73
2016-07-13,52.12,,43.35
2016-07-14,51.9,,42.33
2016-07-15,50.86,,42.25
2016-07-20,50.86,,42.25
2016-07-21,51.55,,42.8
2016-07-22,51.04,,41.55
2016-07-25,51.02,,41.28
2016-07-26,49.43,,40.4
2016-07-27,50.16,,40.6
2016-07-28,48.89,,39.9
2016-07-29,47.4,,38.7
2016-08-01,48.59,,40.11
2016-08-02,47.86,,38.91
2016-08-03,47.67,,38.6
2016-08-04,49.57,,40.01
2016-08-05,50.1,,40.76
2016-08-08,50.89,,41.61
2016-08-10,50.84,,41.36
2016-08-12,52.75,,42.91
2016-08-15,54.41,,44.4
2016-08-16,55.91,,45.76
2016-08-17,55.8,,45.91
2016-08-18,57.44,,46.7
2016-08-19,57.95,,47.21
2016-08-22,57.82,,46.75
2016-08-23,56.27,,45.4
2016-08-24,57.16,,45.95
2016-08-25,57.6,,45.61
2016-08-26,59.0,,46.11
2016-08-29,59.55,,45.86
2016-08-30,59.2,,46.2
2016-08-31,57.35,,44.81
2016-09-01,56.65,,42.99
2016-09-02,55.15,,41.7
2016-09-05,57.74,,44.41
2016-09-06,56.71,,43.41
2016-09-07,57.35,,43.71
2016-09-08,59.77,,44.81
2016-09-09,60.43,,45.44
2016-09-13,58.42,,43.66
2016-09-14,58.2,,43.61
2016-09-15,57.35,,41.95
2016-09-16,58.39,,42.29
2016-09-19,58.4,,42.45
2016-09-20,56.63,,42.01
2016-09-21,57.95,,43.06
2016-09-22,58.4,,43.61
2016-09-23,58.55,,43.45
2016-09-26,56.95,,42.2
2016-09-27,57.65,,43.05
2016-09-28,58.24,,42.4
2016-09-29,60.2,,44.61
2016-09-30,59.93,,45.1
2016-10-03,59.93,,47.95
2016-10-04,60.05,,47.9
2016-10-05,61.77,,48.8
2016-10-06,60.87,,48.8
2016-10-07,62.23,,49.99
2016-10-10,61.47,,48.9
2016-10-11,62.48,,49.99
2016-10-12,62.92,,50.03
2016-10-13,62.07,,49.11
2016-10-14,63.77,,49.79
2016-10-17,63.54,,49.19
2016-10-18,63.97,,49.3
2016-10-19,64.66,,49.7
2016-10-20,64.55,,49.7
2016-10-24,65.36,,49.45
2016-10-25,65.32,,49.21
2016-10-26,63.9,,47.9
2016-10-27,64.45,,48.15
2016-10-28,63.84,,48.31
2016-10-31,62.27,,47.52
2016-11-01,63.36,,45.5
2016-11-02,60.03,,44.15
2016-11-03,59.26,,43.49
2016-11-04,59.04,,42.7
2016-11-07,58.18,,42.78
2016-11-08,57.73,,42.85
2016-11-09,57.52,,42.51
2016-11-10,58.44,,43.72
2016-11-11,57.88,,42.7
2016-11-14,56.35,,41.9
2016-11-15,55.96,,42.0
2016-11-16,57.66,,43.5
2016-11-17,57.84,,43.49
2016-11-18,57.68,,42.78
2016-11-21,59.37,,44.56
2016-11-22,61.16,,46.07
2016-11-23,60.94,,46.0
2016-11-24,61.27,,45.69
2016-11-25,60.59,,45.92
2016-11-28,58.43,,43.91
2016-11-29,59.82,,44.71
2016-11-30,58.53,,44.1
2016-12-01,62.12,,49.06
2016-12-05,65.3,,51.7
2016-12-06,65.43,,51.7
2016-12-07,62.48,,50.81
2016-12-08,62.0,,50.31
2016-12-09,65.31,,51.410000000000004
2016-12-12,67.68,,54.2
2016-12-13,66.46,,52.8
2016-12-14,66.12,,52.59
2016-12-15,66.1,,51.7
2016-12-16,65.77,,51.41
2016-12-19,67.64,,52.6
2016-12-20,66.88,,51.94
2016-12-21,68.14,,52.9
2016-12-22,68.43,,51.8
2016-12-23,68.11,,52.2
2016-12-27,68.87,,52.71
2016-12-28,69.43,,53.79
2016-12-29,70.04,,53.93
2017-01-03,70.86,,54.72
2017-01-04,69.86,,54.01
2017-01-05,70.35,,54.32
2017-01-06,70.03,,54.5
2017-01-09,69.69,,54.61
2017-01-10,67.79,,53.11
2017-01-11,66.7,,51.9
2017-01-12,68.97,,53.41
2017-01-13,70.65,,54.01
2017-01-16,69.84,,53.36
2017-01-17,70.24,,53.91
2017-01-18,70.45,,53.9
2017-01-19,68.83,,53.06
2017-01-20,68.89,,52.9
2017-01-23,69.45,,53.5
2017-01-24,69.78,,54.0
2017-01-25,68.92,,53.5
2017-01-26,69.28,,53.9
2017-01-27,70.12,,54.51
2017-01-31,69.3,,53.2
2017-02-01,71.03,,53.5
2017-02-03,70.57,,55.41
2017-02-06,71.17,,55.29
2017-02-07,69.92,,54.11
2017-02-08,69.07,,53.03
2017-02-09,71.14,,53.88
2017-02-10,71.61,,53.99
2017-02-13,72.0,,54.71
2017-02-14,71.34,,54.21
2017-02-15,70.99,,54.02
2017-02-16,70.74,,54.0
2017-02-17,68.17,,54.11
2017-02-20,69.05,,54.51
2017-02-21,69.2,,54.61
2017-02-22,67.15,,54.65
2017-02-23,68.14,,54.85
2017-02-24,68.56,,54.77
2017-02-27,68.88,,55.21
2017-02-28,67.68,,54.95
2017-03-01,66.78,,55.1
2017-03-02,65.39,,54.9
2017-03-03,65.13,,53.74
2017-03-06,64.69,,53.9
2017-03-07,66.53,,54.5
2017-03-08,66.95,,54.01
2017-03-09,65.6,,52.55
2017-03-10,64.6,,51.15
2017-03-13,63.19,,49.99
2017-03-14,62.64,,49.8
2017-03-15,62.37,,50.04
2017-03-16,63.09,,50.65
2017-03-17,62.95,,50.1
2017-03-20,62.75,,50.01
2017-03-21,63.75,,50.45
2017-03-22,62.95,,49.0
2017-03-23,63.3,,49.2
2017-03-24,63.03,,48.95
2017-03-27,62.76,,48.79
2017-03-28,63.52,,49.25
2017-03-29,64.7,,50.16
2017-03-30,65.6,,50.7
2017-03-31,66.27,,50.7
2017-04-03,67.19,,51.69
2017-04-04,66.91,,51.06
2017-04-05,68.32000000000001,,53.0
2017-04-06,67.89,,52.58
2017-04-07,69.05,,53.99
2017-04-10,68.55,,53.9
2017-04-11,69.24,,54.3
2017-04-14,68.09,,52.85
2017-04-17,68.9,,53.5
2017-04-18,68.73,,53.16
2017-04-19,68.6,,53.05
2017-04-20,67.44,,51.49
2017-04-21,67.87,,51.3
2017-04-24,66.66,,50.99
2017-04-25,65.79,,50.15
2017-04-26,65.51,,50.52
2017-04-27,64.24,,49.9
2017-04-28,64.6,,50.18
2017-05-02,63.55,,50.53
2017-05-03,63.1,,49.75
2017-05-04,62.03,,49.25
2017-05-05,60.55,,47.8
2017-05-08,61.75,,48.5
2017-05-09,62.650000000000006,,48.4
2017-05-11,64.26,,49.66
2017-05-12,64.04,,49.51
2017-05-15,65.45,,50.91
2017-05-16,64.81,,51.01
2017-05-17,64.7,,50.41
2017-05-18,64.97,,51.01
2017-05-19,65.99,,52.05
2017-05-22,66.8,,52.78
2017-05-23,66.13,,52.3
2017-05-24,66.94,,53.15
2017-05-25,66.49,,52.75
2017-05-26,64.72,,50.4
2017-05-29,65.0,,50.61
2017-05-30,64.92,,50.4
2017-05-31,64.72,,50.1
2017-06-01,64.45,,50.19
2017-06-02,62.53,,48.31
2017-06-05,62.89,,48.75
2017-06-06,62.0,,47.9
2017-06-07,62.51,,48.41
2017-06-08,61.23,,47.09
2017-06-09,60.7,,46.45
2017-06-12,60.85,,47.04
2017-06-13,60.56,,47.31
2017-06-14,59.62,,46.75
2017-06-15,57.76,,45.39
2017-06-16,58.22,,45.86
2017-06-19,58.15,,45.62
2017-06-20,58.07,,45.66
2017-06-21,56.78,,44.32
2017-06-22,56.36,,43.5
2017-06-23,58.29,,44.2
2017-06-27,58.16,,45.08
2017-06-28,58.05,,45.25
2017-06-29,59.81,,46.41
2017-06-30,59.58,,46.44
2017-07-03,60.35,,47.7
2017-07-04,61.17,,48.34
2017-07-05,61.16,,48.31
2017-07-06,60.44,,47.15
2017-07-11,59.14,,45.27
2017-07-12,61.02,,46.91
2017-07-13,59.7,,46.0
2017-07-14,60.55,,47.02
2017-07-17,61.85,,47.7
2017-07-18,61.32,,47.19
2017-07-19,61.88,,47.39
2017-07-20,63.41,,48.35
2017-07-21,63.8,,48.16
2017-07-24,61.37,,46.45
2017-07-25,61.58,,47.32
2017-07-26,63.29,,49.09
2017-07-27,63.379999999999995,,49.300000000000004
2017-07-28,65.21,,49.7
2017-07-31,66.28,,50.35
2017-08-01,67.15,,51.3
2017-08-02,65.83,,50.26
2017-08-03,66.25,,50.85
2017-08-04,66.2,,50.34
2017-08-07,66.86,,50.8
2017-08-08,67.67,,51.3
2017-08-10,67.87,,51.6
2017-08-13,67.00999999999999,,49.84
2017-08-14,67.52,,50.38
2017-08-15,66.67,,49.25
2017-08-16,67.25,,49.56
2017-08-17,66.11,,48.61
2017-08-18,67.27,,49.25
2017-08-21,68.39,,50.71
2017-08-22,67.57,,50.0
2017-08-23,66.41,,49.91
2017-08-24,67.83,,50.55
2017-08-25,68.02,,50.59
2017-08-28,68.93,,50.51
2017-08-29,67.73,,50.1
2017-08-30,69.78,,49.9
2017-08-31,69.83,,49.3
2017-09-04,70.36,,50.72
2017-09-05,70.48,,51.1
2017-09-06,70.95,,52.16
2017-09-07,70.46,,53.0
2017-09-08,71.07,,53.19
2017-09-11,70.44,,52.1
2017-09-12,70.19,,52.16
2017-09-13,70.61,,52.9
2017-09-14,70.96,,53.55
2017-09-15,70.99,,53.62
2017-09-18,71.23,,54.26
2017-09-19,70.55,,54.06
2017-09-20,69.84,,53.95
2017-09-21,69.34,,54.61
2017-09-22,69.83,,54.65
2017-09-25,70.2,,54.81
2017-09-26,71.78,,56.09
2017-09-27,70.83,,55.65
2017-09-28,69.93,,55.59
2017-09-29,70.59,,55.2
2017-10-02,69.19,,55.16
2017-10-03,68.02,,54.5
2017-10-04,67.88,,53.95
2017-10-05,69.65,,54.41
2017-10-06,70.16,,55.25
2017-10-09,68.06,,53.73
2017-10-10,68.98,,54.1
2017-10-11,69.28,,54.79
2017-10-12,69.47999999999999,,54.96
2017-10-13,69.91,,55.54
2017-10-16,71.19,,55.949999999999996
2017-10-17,71.22,,56.3
2017-10-19,70.34,,55.5
2017-10-20,69.87,,55.150000000000006
2017-10-23,70.2,,55.88
2017-10-24,69.36,,55.27
2017-10-25,71.05,,56.21
2017-10-26,71.1,,56.2
2017-10-27,71.91,,57.0
2017-10-30,73.16,,58.36
2017-10-31,72.76,,58.3
2017-11-01,74.97,,59.66
2017-11-02,73.49,,58.54
2017-11-03,73.84,,58.96
2017-11-06,75.78,,60.61
2017-11-07,77.45,,62.36
2017-11-08,76.67,,61.8
2017-11-09,76.82,,61.61
2017-11-10,77.35,,62.06
2017-11-13,77.13,,61.61
2017-11-14,76.03,,61.24
2017-11-15,74.27,,60.01
2017-11-16,74.54,,60.35
2017-11-17,74.09,,59.65
2017-11-20,75.37,,60.66
2017-11-21,75.18,,60.51
2017-11-22,76.04,,61.15
2017-11-23,75.54,,61.06
2017-11-24,76.12,,61.65
2017-11-27,75.97,,61.45
2017-11-28,76.53,,61.25
2017-11-29,75.93,,60.96
2017-11-30,75.65,,60.85
2017-12-01,75.82,,60.76
2017-12-04,75.55,,60.989999999999995
2017-12-05,74.57,,60.05
2017-12-06,74.88,,60.72
2017-12-07,73.8,,59.46
2017-12-08,74.75,,60.25
2017-12-11,75.17,,60.91
2017-12-12,77.32,,62.56
2017-12-13,76.0,,61.34
2017-12-14,74.39,,60.2
2017-12-15,75.3,,61.2
2017-12-18,74.95,,61.3
2017-12-19,74.54,,61.39
2017-12-20,75.04,,61.56
2017-12-21,74.95,,62.15
2017-12-22,75.39,,62.36
2017-12-26,75.51,,62.6
2017-12-27,76.51,,63.91
2017-12-28,76.42,,63.9
2017-12-29,76.44,,64.36
2018-01-02,76.49,,64.36
2018-01-03,75.39,,64.15
2018-01-04,76.66,,65.36
2018-01-05,76.6,,65.3
2018-01-08,76.48,,65.06
2018-01-09,77.4,,65.55
2018-01-10,79.21,,66.55
2018-01-11,78.9,,66.45
2018-01-12,78.06,,66.26
2018-01-15,79.19,,67.01
2018-01-16,79.0,,67.06
2018-01-17,78.34,,66.29
2018-01-18,78.92,,66.41
2018-01-19,78.66,,65.9
2018-01-22,79.08,,66.12
2018-01-23,79.38,,66.49
2018-01-24,79.88,,66.8
2018-01-25,80.73,,68.05
2018-01-26,80.41,,67.35
2018-01-29,81.82,,67.56
2018-01-30,80.82,,66.36
2018-01-31,79.97,,65.75
2018-02-01,81.6,,66.16
2018-02-02,82.86,,67.06
2018-02-05,80.5,,65.01
2018-02-06,78.79,,64.26
2018-02-07,78.68,,64.11
2018-02-08,76.53,,62.2
2018-02-09,76.2,,61.09
2018-02-12,75.33,,60.41
2018-02-13,73.77,,59.84
2018-02-14,73.0,,59.36
2018-02-15,74.96,,61.64
2018-02-19,75.62,,61.74
2018-02-20,76.1,,62.01
2018-02-21,74.82,,61.26
2018-02-22,75.23,,61.61
2018-02-23,76.15,,62.81
2018-02-26,77.47,,63.93
2018-02-27,77.77,,64.01
2018-02-28,77.5,,63.2
2018-03-01,76.26,,61.36
2018-03-02,75.04,,60.31
2018-03-05,75.86,,61.38
2018-03-06,76.06,,62.0
2018-03-07,75.9,,61.56
2018-03-08,75.0,,60.86
2018-03-09,74.35,,60.24
2018-03-12,75.42,,61.65
2018-03-13,75.21,,61.27
2018-03-14,74.8,,61.25
2018-03-15,75.39,,61.4
2018-03-16,75.87,,61.75
2018-03-19,76.62,,62.46
2018-03-20,77.15,,63.0
2018-03-21,78.45,,63.86
2018-03-22,79.75,,65.41
2018-03-23,80.49,,65.4
2018-03-26,80.9,,65.83
2018-03-27,80.72,,65.85
2018-03-28,80.15,,65.2
2018-03-29,80.5,,65.4
2018-04-02,80.84,,66.86
2018-04-03,79.04,,65.21
2018-04-04,78.42,,64.69
2018-04-05,79.52,,65.4
2018-04-06,78.92,,65.34
2018-04-09,78.47,,64.75
2018-04-10,80.33,,66.55
2018-04-11,80.82,,67.55
2018-04-13,82.23,,69.09
2018-04-16,80.86,,68.14
2018-04-17,80.76,,68.19
2018-04-18,81.45,,68.86
2018-04-19,82.72,,70.79
2018-04-20,82.06,,70.35
2018-04-23,83.17,,70.25
2018-04-24,84.78,,71.26
2018-04-25,83.34,,70.35
2018-04-26,83.22,,70.65
2018-05-02,82.25,,70.46
2018-05-03,82.44,,70.56
2018-05-04,82.2,,70.46
2018-05-07,83.89,,72.55
2018-05-08,83.66,,72.46
2018-05-09,86.18,,73.9
2018-05-10,87.17,,74.58
2018-05-11,87.24,,74.4
2018-05-14,86.67,,73.75
2018-05-15,88.26,,75.35
2018-05-16,89.03,,75.06
2018-05-17,92.25,,76.75
2018-05-18,91.75,,77.05
2018-05-21,91.01,,76.45
2018-05-22,91.96,,77.29
2018-05-23,90.82,,76.6
2018-05-24,91.04,,77.05
2018-05-25,89.74,,75.75
2018-05-28,87.01,,73.2
2018-05-30,86.36,,73.55
2018-05-31,87.71,,75.45
2018-06-01,87.92,,75.06
2018-06-04,86.76,,74.41
2018-06-05,85.44,,73.6
2018-06-06,85.45,,73.75
2018-06-07,84.51,,73.56
2018-06-08,85.49,,74.81
2018-06-11,85.4,,74.4
2018-06-12,85.3,,74.78
2018-06-13,83.3,,73.4
2018-06-14,85.08,,74.32
2018-06-18,81.18,,70.94
2018-06-19,81.4,,72.0
2018-06-20,81.49,,72.7
2018-06-21,79.78,,71.24
2018-06-22,80.61,,71.75
2018-06-25,81.31,,72.76
2018-06-26,81.27,,73.0
2018-06-27,82.05,,74.36
2018-06-28,83.38,,75.15
2018-06-29,83.94,,75.85
2018-07-02,84.35,,75.6
2018-07-03,82.98,,74.89
2018-07-04,83.5,,75.05
2018-07-05,83.53,,74.85
2018-07-06,83.45,,74.19
2018-07-09,83.93,,74.75
2018-07-10,85.54,,76.05
2018-07-11,84.16,,74.71
2018-07-12,82.08,,72.56
2018-07-13,81.02,,71.55
2018-07-16,81.02,,71.55
2018-07-17,83.01,,73.0
2018-07-18,79.64,,70.43
2018-07-19,79.22,,69.61
2018-07-20,82.01,,71.5
2018-07-23,82.69,,71.45
2018-07-24,83.2,,71.6
2018-07-25,84.54,,72.55
2018-07-27,84.75999999999999,,73.4
2018-07-30,84.99,,73.4
2018-07-31,84.97,,73.65
2018-08-01,83.27,,72.35
2018-08-02,82.0,,71.2
2018-08-03,83.02,,71.9
2018-08-06,83.43,,72.16
2018-08-07,84.54,,72.65
2018-08-08,86.0,,73.3
2018-08-10,83.11,,70.49
2018-08-13,84.21,,71.25
2018-08-14,84.43,,71.8
2018-08-15,86.5,,70.65
2018-08-16,84.19,,69.66
2018-08-17,83.5,,70.39
2018-08-20,82.92,,70.81
2018-08-21,83.92,,71.1
2018-08-23,85.37,,73.14
2018-08-24,86.16,,74.11
2018-08-27,86.02,,74.34
2018-08-28,86.97,,75.05
2018-08-29,85.75,,74.29
2018-08-30,87.77,,75.79
2018-08-31,88.22,,75.8
2018-09-03,88.71,,76.25
2018-09-04,89.63,,76.87
2018-09-05,87.98,,75.8
2018-09-06,87.56,,75.35
2018-09-07,86.9,,74.75
2018-09-10,87.65,,75.91
2018-09-11,88.23,,76.26
2018-09-12,89.67,,77.4
2018-09-13,89.29,,77.1
2018-09-14,89.0,,76.39
2018-09-17,89.44,,76.45
2018-09-18,88.85,,75.78
2018-09-19,90.09,,77.05
2018-09-20,90.27,,77.55
2018-09-21,89.97,,77.4
2018-09-24,91.24,,78.44
2018-09-25,91.63,,79.7
2018-09-26,91.21,,80.05
2018-09-27,91.87,,80.45
2018-09-28,91.84,,80.0
2018-10-01,92.9,,80.8
2018-10-02,94.49,,82.95
2018-10-03,94.09,,83.35
2018-10-04,93.71,,84.41
2018-10-05,93.45,,83.25
2018-10-08,92.25,,81.59
2018-10-09,93.52,,82.85
2018-10-10,93.4,,82.95
2018-10-11,90.44,,80.6
2018-10-12,90.03,,79.35000000000001
2018-10-15,88.77,,79.29
2018-10-16,87.48,,78.8
2018-10-17,87.89,,80.2
2018-10-18,84.72,,78.4
2018-10-19,84.76,,77.89
2018-10-22,85.46,,78.79
2018-10-23,83.46,,77.84
2018-10-24,81.14,,74.4
2018-10-25,81.28,,74.95
2018-10-26,80.75,,75.4
2018-10-29,80.92,,76.01
2018-10-30,81.23,,76.19
2018-10-31,81.46,,75.67
2018-11-01,78.44,,73.4
2018-11-02,76.2,,71.65
2018-11-05,75.42,,71.16
2018-11-07,74.35,,70.65
2018-11-08,73.07,,71.55
2018-11-09,71.49,,69.35
2018-11-12,72.43,,70.66
2018-11-13,71.0,,68.46
2018-11-14,67.78,,64.45
2018-11-15,68.5,,65.4
2018-11-16,69.48,,66.49
2018-11-19,70.01,,66.16
2018-11-20,69.85,,65.5
2018-11-21,67.13,,62.66
2018-11-22,66.24,,62.45
2018-11-23,64.56,,61.06
2018-11-26,61.54,,59.2
2018-11-27,61.67,,59.11
2018-11-28,61.58,,60.2
2018-11-29,59.74,,58.25
2018-11-30,60.94,,58.99
2018-12-03,63.71,,61.16
2018-12-04,62.87,,61.5
2018-12-05,61.31,,59.79
2018-12-06,61.84,,59.82
2018-12-07,61.69,,58.39
2018-12-10,62.78,,60.21
2018-12-11,60.57,,58.34
2018-12-12,61.44,,59.3
2018-12-13,60.53,,58.79
2018-12-14,62.95,,59.65
2018-12-17,62.11,,58.96
2018-12-18,60.44,,57.2
2018-12-19,58.42,,55.15
2018-12-20,57.67,,54.45
2018-12-21,56.64,,53.56
2018-12-26,53.4,,49.5
2018-12-27,55.98,,53.1
2018-12-28,55.92,,52.85
2019-01-02,54.96,,51.85
2019-01-03,57.36,,53.2
2019-01-04,60.68,,55.6
2019-01-07,62.26,,56.8
2019-01-08,60.32,,56.21
2019-01-09,60.97,,58.11
2019-01-10,62.0,,59.61
2019-01-11,63.9,,61.16
2019-01-14,61.65,,58.89
2019-01-15,60.82,,58.6
2019-01-16,62.37,,60.11
2019-01-17,62.22,,60.01
2019-01-18,62.58,,61.1
2019-01-21,63.15,,61.85
2019-01-22,62.54,,61.41
2019-01-23,61.76,,61.25
2019-01-24,60.62,,60.39
2019-01-25,61.18,,61.15
2019-01-28,60.61,,60.3
2019-01-29,58.97,,59.46
2019-01-30,60.0,,60.91
2019-01-31,61.67,,61.8
2019-02-01,61.1,,60.85
2019-02-04,64.16,,62.9
2019-02-07,63.69,,62.5
2019-02-08,62.35,,61.6
2019-02-11,63.66,,62.0
2019-02-12,63.17,,62.21
2019-02-13,64.19,,63.36
2019-02-14,65.45,,65.3
2019-02-15,66.13,,65.09
2019-02-18,68.53999999999999,,66.71
2019-02-19,68.22,,66.46
2019-02-20,67.75,,66.35
2019-02-21,68.85,,67.11
2019-02-22,69.79,,67.21
2019-02-25,69.5,,66.86
2019-02-26,67.45,,64.55
2019-02-27,68.96,,65.29
2019-02-28,69.37,,66.0
2019-03-01,70.54,,66.6
2019-03-04,69.51,,65.34
2019-03-05,69.7,,65.71
2019-03-06,71.01,,65.81
2019-03-07,73.33,,66.5
2019-03-08,72.0,,65.75
2019-03-11,73.71,,66.79
2019-03-12,74.32,,67.14
2019-03-13,74.18,,67.19
2019-03-14,76.15,,68.15
2019-03-15,75.34,,67.7
2019-03-18,75.3,,67.3
2019-03-19,76.45,,67.65
2019-03-20,76.31,,67.65
2019-03-21,77.14,,68.25
2019-03-22,76.76,,67.45
2019-03-25,75.85,,66.36
2019-03-26,76.59,,67.15
2019-03-27,77.04,,67.4
2019-03-28,75.5,,66.54
2019-03-29,76.29,,67.2
2019-04-01,77.54,,68.2
2019-04-02,77.7,,68.77
2019-04-03,77.61,,69.41
2019-04-04,77.33,,68.65
2019-04-05,77.2,,68.84
2019-04-08,78.95,,70.31
2019-04-09,79.87,,70.55
2019-04-10,80.8,,70.1
2019-04-11,82.34,,70.5
2019-04-12,82.93,,70.25
2019-04-15,82.37,,70.36
2019-04-16,80.79,,70.26
2019-04-17,82.04,,71.35
2019-04-18,81.69,,71.05
2019-04-22,83.54,,73.4
2019-04-23,83.26,,73.75
2019-04-24,83.32,,73.64
2019-04-25,83.24,,74.49
2019-04-26,82.65,,73.43
2019-04-29,80.96,,71.06
2019-04-30,80.83,,71.60000000000001
2019-05-02,80.45,,71.45
2019-05-03,78.86,,69.96
2019-05-06,77.49,,69.24
2019-05-07,77.21,,70.25
2019-05-08,74.35000000000001,,69.25
2019-05-09,74.59,,69.1
2019-05-10,77.38,,70.09
2019-05-13,78.4,,70.94
2019-05-14,76.5,,69.67
2019-05-15,77.05,,70.44
2019-05-16,79.03,,72.0
2019-05-17,80.74,,72.44999999999999
2019-05-21,78.75,,71.6
2019-05-22,78.47,,71.24
2019-05-23,76.47,,69.19
2019-05-24,74.84,,66.74
2019-05-27,74.02,,66.85
2019-05-28,74.52,,68.3
2019-05-29,72.1,,67.16
2019-05-30,73.32,,67.15
2019-05-31,68.35000000000001,,63.809999999999995
2019-06-03,64.9,,60.16
2019-06-04,65.25,,60.05
2019-06-06,64.76,,59.33
2019-06-07,66.83,,61.19
2019-06-10,67.59,,61.89
2019-06-11,66.82,,61.25
2019-06-12,66.15,,59.89
2019-06-13,66.03,,60.3
2019-06-14,65.82,,59.89
2019-06-17,65.44,,60.71
2019-06-18,64.56,,59.89
2019-06-19,66.13,,61.19
2019-06-20,67.95,,62.59
2019-06-21,70.2,,64.2
2019-06-24,71.5,,64.0
2019-06-25,69.56,,63.35
2019-06-26,70.92,,64.26
2019-06-27,71.1,,64.4
2019-06-28,71.65,,64.89
2019-07-01,73.45,,64.9
2019-07-02,71.73,,63.41
2019-07-03,70.36,,60.65
2019-07-04,72.16,,61.72
2019-07-05,72.82,,61.6
2019-07-08,73.7,,63.3
2019-07-09,73.0,,62.6
2019-07-10,75.18,,63.86
2019-07-11,78.33,,65.93
2019-07-12,78.6,,65.86
2019-07-15,77.24,,65.19
2019-07-16,76.4,,64.56
2019-07-17,75.01,,63.2
2019-07-18,74.22,,62.11
2019-07-19,73.93,,61.54
2019-07-22,74.03,,62.71
2019-07-23,71.63,,62.08
2019-07-24,71.43,,63.17
2019-07-25,71.67,,63.01
2019-07-26,72.2,,62.81
2019-07-29,71.74,,62.5
2019-07-30,72.72,,63.6
2019-07-31,73.31,,64.55
2019-08-01,72.26,,63.01
2019-08-02,69.11,,60.35
2019-08-05,69.61,,59.65
2019-08-06,69.79,,58.71
2019-08-07,70.37,,57.87
2019-08-08,68.78,,56.8
2019-08-09,69.64,,58.26
2019-08-13,69.82,,57.75
2019-08-14,71.43,,59.63
2019-08-15,70.6,,58.31
2019-08-16,70.36,,58.18
2019-08-19,68.78,,58.38
2019-08-20,69.57,,59.21
2019-08-21,71.23,,60.05
2019-08-22,71.02,,60.26
2019-08-23,69.54,,59.42
2019-08-26,68.82,,58.57
2019-08-27,68.54,,58.06
2019-08-28,69.92,,59.0
2019-08-29,70.85,,59.3
2019-08-30,70.75,,59.6
2019-09-02,68.38,,57.6
2019-09-03,66.09,,56.45
2019-09-04,66.54,,56.69
2019-09-05,68.54,,58.5
2019-09-06,70.07,,59.25
2019-09-09,71.34,,60.1
2019-09-10,72.5,,60.85
2019-09-11,74.54,,60.85
2019-09-12,73.5,,59.3
2019-09-13,73.09,,58.33
2019-09-16,79.69,,63.86
2019-09-17,84.57,,67.55
2019-09-18,79.04,,63.32
2019-09-19,80.45,,63.21
2019-09-20,82.24,,64.31
2019-09-23,79.71,,63.56
2019-09-24,80.51,,63.44
2019-09-25,77.72,,61.55
2019-09-26,72.25,,61.75
2019-09-27,74.83,,62.06
2019-09-30,73.27,,60.9
2019-10-01,72.02,,59.2
2019-10-02,73.0,,58.65
2019-10-03,73.47,,57.4
2019-10-04,75.18,,57.85
2019-10-07,76.77,,58.26
2019-10-08,77.24,,58.01
2019-10-09,78.32,,57.7
2019-10-10,76.31,,57.74
2019-10-11,77.33000000000001,,60.45
2019-10-14,76.29,,60.0
2019-10-15,75.72,,59.45
2019-10-16,75.22,,58.76
2019-10-17,74.28,,59.21
2019-10-18,73.33,,59.71
2019-10-21,73.29,,59.41
2019-10-22,71.92,,58.9
2019-10-23,71.58,,59.61
2019-10-24,72.75,,61.01
2019-10-25,72.59,,61.45
2019-10-29,70.8,,60.99
2019-10-30,71.27,,61.31
2019-10-31,69.85,,61.05
2019-11-01,70.84,,58.7
2019-11-04,74.13,,60.7
2019-11-05,75.6,,61.31
2019-11-06,76.03,,61.52
2019-11-07,76.68,,61.15
2019-11-08,77.77,,60.85
2019-11-11,78.58,,61.12
2019-11-12,79.47,,62.11
2019-11-13,78.6,,61.45
2019-11-14,76.99,,62.51
2019-11-15,76.48,,61.91
2019-11-18,77.18,,62.8
2019-11-19,76.7,,61.81
2019-11-20,74.96,,60.41
2019-11-21,75.76,,62.1
2019-11-22,76.61,,63.75
2019-11-25,76.17,,63.4
2019-11-26,75.27,,63.06
2019-11-27,76.04,,63.64
2019-11-28,74.77,,63.31
2019-11-29,76.62,,63.85
2019-12-02,74.08,,60.8
2019-12-03,73.45,,61.01
2019-12-04,74.25,,61.1
2019-12-05,75.3,,62.71
2019-12-06,76.13,,63.01
2019-12-09,75.54,,63.7
2019-12-10,74.64,,63.81
2019-12-11,74.52,,63.74
2019-12-12,73.38,,63.96
2019-12-13,73.79,,64.94
2019-12-16,73.73,,65.5
2019-12-17,73.4,,65.64
2019-12-18,73.18,,66.1
2019-12-19,73.78,,66.46
2019-12-20,75.36,,66.9
2019-12-23,75.11,,66.15
2019-12-24,76.24,,66.74
2019-12-26,76.44,,67.45
2019-12-27,77.47,,67.9
2019-12-28,76.2,,67.81
2019-12-29,74.81,,67.26
2020-01-02,73.69,,65.66
2020-01-03,76.14,,67.81
2020-01-06,77.66,,69.6
2020-01-07,75.81,,68.3
2020-01-08,74.99,,69.26
2020-01-09,72.18,,66.21
2020-01-10,73.42,,65.9
2020-01-13,73.06,,65.65
2020-01-14,72.2,,64.75
2020-01-15,71.36,,64.59
2020-01-16,70.95,,64.71
2020-01-17,71.6,,64.86
2020-01-20,71.94,,65.21
2020-01-21,70.3,,64.25
2020-01-22,71.11,,64.25
2020-01-23,69.17,,62.75
2020-01-24,69.41,,62.2
2020-01-28,64.13,,58.55
2020-01-29,66.13,,59.34
2020-01-30,65.19,,57.71
2020-01-31,66.27,,58.46
2020-02-03,64.35,,55.2
2020-02-04,64.07,,53.96
2020-02-05,62.74,,53.6
2020-02-06,64.89,,55.19
2020-02-07,65.11999999999999,,54.339999999999996
2020-02-10,65.41,,53.3
2020-02-11,65.28,,53.05
2020-02-12,65.39,,54.26
2020-02-13,65.74,,54.51
2020-02-14,65.69,,55.24
2020-02-17,66.43,,55.96
2020-02-18,65.05,,55.09
2020-02-19,66.95,,56.4
2020-02-20,68.09,,56.9
2020-02-21,66.59,,56.4
2020-02-24,64.59,,54.61
2020-02-25,65.01,,54.45
2020-02-26,61.97,,52.3
2020-02-27,58.76,,50.61
2020-02-28,56.8,,49.01
2020-03-02,57.66,,50.56
2020-03-03,59.25,,51.75
2020-03-04,58.29,,50.84
2020-03-05,58.67,,50.8
2020-03-06,56.66,,48.56
2020-03-09,44.63,,32.85
2020-03-10,45.15,,34.16
2020-03-11,44.16,,34.55
2020-03-12,40.83,,32.66
2020-03-13,38.2,,33.95
2020-03-16,32.1,,31.45
2020-03-17,30.83,,30.85
2020-03-18,28.7,,28.29
2020-03-19,24.62,,25.84
2020-03-20,29.21,,28.7
2020-03-23,22.33,,24.57
2020-03-24,22.82,,26.62
2020-03-25,21.6,,27.01
2020-03-26,21.9,,25.7
2020-03-27,22.57,,25.1
2020-03-30,19.82,,23.2
2020-03-31,21.84,,23.4
2020-04-01,18.81,,21.2
2020-04-02,21.41,,21.5
2020-04-03,22.46,,24.490000000000002
2020-04-06,23.01,,24.89
2020-04-07,23.46,,24.9
2020-04-08,19.81,,23.5
2020-04-09,20.78,,23.35
2020-04-13,17.46,,22.34
2020-04-14,18.73,,21.64
2020-04-15,20.15,,19.64
2020-04-16,22.04,,19.69
2020-04-17,21.5,,20.59
2020-04-20,23.0,,20.8
2020-04-21,17.85,,17.4
2020-04-22,16.12,,13.55
2020-04-23,21.3,,18.1
2020-04-24,18.24,,18.15
2020-04-27,20.69,,17.99
2020-04-28,18.9,,16.6
2020-04-29,21.24,,17.1
2020-04-30,21.2,,18.11
2020-05-01,23.919999999999998,,20.7
2020-05-04,22.9,,24.3
2020-05-05,26.75,,25.950000000000003
2020-05-06,29.46,,26.85
2020-05-08,30.25,,25.9
2020-05-11,32.2,,26.75
2020-05-12,32.2,,26.9
2020-05-13,30.35,,26.86
2020-05-14,31.68,,29.86
2020-05-15,33.84,,31.96
2020-05-18,36.55,,32.96
2020-05-19,37.65,,33.15
2020-05-20,37.57,,32.94
2020-05-21,38.45,,34.05
2020-05-22,35.76,,32.56
2020-05-26,37.68,,34.85
2020-05-27,36.59,,34.5
2020-05-28,35.62,,33.21
2020-05-29,37.07,,34.85
2020-06-01,39.49,,38.0
2020-06-02,40.8,,38.96
2020-06-03,43.65,,39.9
2020-06-04,42.19,,38.85
2020-06-05,44.71,,40.65
2020-06-08,47.25,,42.91
2020-06-09,45.42,,40.81
2020-06-10,45.6,,40.85
2020-06-11,44.82,,40.64
2020-06-12,42.25,,38.45
2020-06-15,42.57,,38.3
2020-06-16,46.1,,40.25
2020-06-17,48.31,,41.5
2020-06-18,47.95,,41.05
2020-06-19,49.98,,42.94
2020-06-22,48.87,,42.29
2020-06-23,50.49,,43.35
2020-06-24,48.76,,42.45
2020-06-25,44.37,,40.55
2020-06-26,45.59,,42.0
2020-06-29,42.57,,40.65
2020-06-30,45.4,,42.05
2020-07-01,46.5,47.65,42.66
2020-07-02,46.74,48.21,42.81
2020-07-03,47.53999999999999,49.2,42.680000000000035
2020-07-06,48.84,49.42,43.69
2020-07-07,47.5,49.55,42.86
2020-07-08,47.06,49.3,43.31
2020-07-09,47.97,49.57,43.66
2020-07-10,47.83,49.22,43.660000000000004
2020-07-13,46.72,49.65,43.35
2020-07-14,45.39,48.76,42.75
2020-07-15,47.11,49.16,44.15
2020-07-16,46.81,49.74,43.35
2020-07-17,46.04,49.36,42.84
2020-07-20,45.46,49.08,42.71
2020-07-21,46.38,50.38,43.85
2020-07-22,47.1,51.04,44.1
2020-07-23,47.66,51.28,44.39
2020-07-24,46.400000000000006,50.3,43.099999999999994
2020-07-27,45.980000000000004,50.18,43.1
2020-07-28,45.56,50.28,43.09
2020-07-29,45.57,50.12,43.29
2020-07-30,44.55,50.13,43.1
2020-08-03,43.71,49.04,42.51
2020-08-04,45.14,49.37,42.96
2020-08-05,47.06,50.92,43.74
2020-08-06,47.53,50.89,43.69
2020-08-07,48.09,50.35,43.9
2020-08-11,48.589999999999996,50.44,44.1
2020-08-12,47.98,50.59,43.65
2020-08-13,48.37,50.91,44.16
2020-08-14,48.22,50.46,43.41
2020-08-17,48.66,50.25,43.7
2020-08-18,49.28,50.66,44.45
2020-08-19,48.87,50.78,43.79
2020-08-20,48.45,50.45,43.86
2020-08-21,48.95,50.04,43.95
2020-08-24,48.98,49.34,43.75
2020-08-25,49.55,50.38,44.36
2020-08-26,49.51,50.86,44.81
2020-08-27,49.78,50.25,44.96
2020-08-28,47.81,49.06,44.1
2020-08-31,49.66,49.86,45.91
2020-09-01,47.7,49.3,45.1
2020-09-02,48.59,49.93,45.29
2020-09-03,50.45,47.64,43.39
2020-09-04,47.6,47.49,43.81
2020-09-07,46.58,45.99,41.45
2020-09-08,45.91,44.97,40.65
2020-09-09,44.24,43.77,39.46
2020-09-10,44.8,43.94,39.71
2020-09-11,44.68,43.36,39.26
2020-09-14,45.08,43.64,38.86
2020-09-15,45.8,43.64,39.2
2020-09-16,47.35,44.2,41.2
2020-09-17,48.3,44.66,41.69
2020-09-18,50.38,46.32,43.0
2020-09-21,44.48,45.83,41.59
2020-09-22,47.4,44.25,41.15
2020-09-23,47.68,43.77,41.36
2020-09-24,47.14,43.68,41.19
2020-09-25,48.54,44.11,42.0
2020-09-28,49.1,44.44,41.38
2020-09-29,49.49,44.96,41.85
2020-09-30,47.25,43.69,40.33
2020-10-01,48.71,45.11,41.14
2020-10-02,46.31,43.71,38.65
2020-10-05,46.76,43.42,39.9
2020-10-06,47.78,45.2,40.51
2020-10-07,48.08,46.09,41.21
2020-10-08,48.22,46.14,41.46
2020-10-09,48.15,46.89,42.07
2020-10-12,47.13,46.46,41.26
2020-10-13,46.49,45.84,41.16
2020-10-14,45.54,45.65,41.59
2020-10-15,46.35,46.08,41.98
2020-10-16,46.09,46.31,41.89
2020-10-19,45.56,45.89,41.75
2020-10-20,45.72,45.34,41.59
2020-10-21,46.29,45.45,41.69
2020-10-22,45.379999999999995,44.47,41.360000000000014
2020-10-23,45.65,44.97,41.66
2020-10-26,44.41,43.93,39.81
2020-10-27,44.33,43.46,39.86
2020-10-28,43.61,43.67,39.24
2020-10-29,42.83,41.76,38.25
2020-10-30,42.04,41.4,37.15
2020-11-02,43.05,40.82,36.26
2020-11-03,39.85,43.34,39.46
2020-11-04,42.99,43.89,39.74
2020-11-05,44.45,45.01,40.71
2020-11-06,44.65,44.3,40.56
2020-11-09,44.57,44.08,40.31
2020-11-10,46.92,47.09,42.47
2020-11-11,48.65,49.12,44.4
2020-11-12,47.46,48.28,43.91
2020-11-13,46.15,47.51,43.11
2020-11-16,46.48,47.16,43.69
2020-11-17,46.28,47.77,43.56
2020-11-18,46.420000000000044,48.46,44.119999999999976
2020-11-19,46.45,48.54,43.97
2020-11-20,46.82,49.16,44.21
2020-11-23,47.96,49.57,45.59
2020-11-24,48.95,50.75,45.83
2020-11-25,51.16,52.5,47.84
2020-11-26,50.73,53.15,47.46
2020-11-27,50.96,52.61,47.12
2020-11-30,50.25,52.58,46.99
2020-12-01,50.66,52.77,47.56
2020-12-02,49.75,52.15,47.05
2020-12-03,58.819999999999965,52.83,48.03
2020-12-04,52.37,53.97,49.06
2020-12-07,50.86,54.05,48.26
2020-12-08,51.13,54.21,48.29
2020-12-09,52.180000000000035,54.65,49.09000000000003
2020-12-10,52.1,54.42,49.0
2020-12-11,54.18,55.54,50.46
2020-12-14,54.18,55.9,50.6
2020-12-15,53.56,56.28,50.16
2020-12-16,53.54,56.5,50.8
2020-12-17,55.0,57.05,51.44
2020-12-18,55.36,57.49,51.1
2020-12-21,53.86,56.54,50.29
2020-12-22,53.77,56.26,49.79
2020-12-23,53.85,56.12,49.6
2020-12-24,56.17,57.52,
2020-12-28,55.67,57.36,51.05
2020-12-29,55.65,57.27,50.95
2020-12-30,55.71000000000001,57.26,
2020-12-31,56.13,57.16,51.1
2021-01-04,57.38,57.46,52.44
2021-01-05,55.5,56.22,50.45
2021-01-06,58.31,58.86,53.44
2021-01-07,59.07,58.73,54.46
2021-01-08,59.82,59.24,54.56
2021-01-09,59.82,59.24,54.56
2021-01-10,59.82,59.24,54.56
2021-01-11,60.34,60.29,55.26
2021-01-12,61.17,61.08,55.65
2021-01-13,61.78,61.77,56.38
2021-01-14,61.27,61.71,55.64
2021-01-15,60.27,61.87,55.34
2021-01-16,60.27,61.87,55.34
2021-01-17,60.27,61.87,55.34
2021-01-18,59.37,60.91,54.14
2021-01-19,60.31,60.93,55.15
2021-01-20,61.27,61.45,56.21
2021-01-21,60.47,61.05,55.45
2021-01-22,59.94,60.54,55.15
2021-01-23,59.94,60.54,55.15
2021-01-24,59.94,60.54,55.15
2021-01-25,60.68,60.33,55.35
2021-01-26,60.76,60.96,55.26
2021-01-27,61.54,60.95,55.7
2021-01-28,60.84,60.88,54.79
2021-01-29,60.78,60.65,54.64
2021-01-30,60.78,60.65,54.64
2021-01-31,60.78,60.65,54.64
2021-02-01,60.71,60.62,54.95
2021-02-02,62.44,62.62,56.71
2021-02-03,64.13,63.67,57.61
2021-02-04,64.93,64.44,58.31
2021-02-05,65.68,65.23,58.91
2021-02-06,65.68,65.23,58.91
2021-02-07,65.68,65.23,58.91
2021-02-08,66.26,65.67,59.74
2021-02-09,66.36,67.08,60.46
2021-02-10,65.88,67.46,60.35
2021-02-11,66.01,67.29,60.51
2021-02-12,65.59,67.1,60.51
2021-02-13,65.59,67.1,60.51
2021-02-14,65.59,67.1,60.51
2021-02-15,68.17,68.64,62.46
2021-02-16,69.05,69.32,62.26
2021-02-17,69.14,69.67,62.76
2021-02-18,71.21,70.43,63.21
2021-02-19,69.59,69.62,60.8
2021-02-20,69.59,69.62,60.8
2021-02-21,69.59,69.62,60.8
2021-02-22,70.02,69.42,61.24
2021-02-23,72.11,71.28,63.5
2021-02-24,71.44,71.49,62.85
2021-02-25,73.67,72.93,65.35
2021-02-26,73.11,71.94,64.28
2021-02-27,73.11,71.94,64.28
2021-02-28,73.11,71.94,64.28
2021-03-01,72.81,70.9,64.19
2021-03-02,69.83,69.42,61.36
2021-03-03,69.95,69.28,61.39
2021-03-04,71.48,69.25,63.04
2021-03-05,74.14,72.7,66.42
2021-03-06,74.14,72.7,66.42
2021-03-07,74.14,72.7,66.42
2021-03-08,76.39,73.97,68.3
2021-03-09,74.22,73.1,66.36
2021-03-10,73.75,72.07,65.25
2021-03-11,75.46,72.74,66.79
2021-03-12,77.0,73.92,67.9
2021-03-13,77.0,73.92,67.9
2021-03-14,77.0,73.92,67.9
2021-03-15,78.1,73.82,68.2
2021-03-16,75.94,72.48,66.51
2021-03-17,76.46,72.03,66.6
2021-03-18,74.38,71.66,65.25
2021-03-19,71.58,67.56,62.25
2021-03-20,71.58,67.56,62.25
2021-03-21,71.58,67.56,62.25
2021-03-22,72.04,68.99,63.16
2021-03-23,71.53,67.47,62.96
2021-03-24,69.89,65.77,60.95
2021-03-25,71.79,67.59,62.4
2021-03-26,71.35,66.19,62.05
2021-03-27,71.35,66.19,62.05
2021-03-28,71.35,66.19,62.05
2021-03-29,72.66,68.35,63.05
2021-03-30,74.12,68.11,63.86
2021-03-31,74.04,67.55,63.31
2021-04-01,72.82,66.5,61.45
2021-04-02,72.82,67.64,61.45
2021-04-03,72.82,67.64,61.45
2021-04-04,72.82,67.64,61.45
2021-04-05,73.48,66.67,61.95
2021-04-06,72.72,67.13,61.31
2021-04-07,71.76,67.2,60.85
2021-04-08,71.63,67.49,61.2
2021-04-09,71.66000000000003,67.83,60.889999999999986
2021-04-10,71.66000000000003,67.83,60.889999999999986
2021-04-11,71.66000000000003,67.83,60.889999999999986
2021-04-12,71.66000000000003,68.11,60.889999999999986
2021-04-13,71.66000000000003,68.19,60.889999999999986
2021-04-14,73.53,68.78,62.540000000000006
2021-04-15,75.31,70.75,64.15
2021-04-16,76.38,71.54,65.11
2021-04-17,76.38,71.54,65.11
2021-04-18,76.38,71.54,65.11
2021-04-19,76.06,71.23,64.79
2021-04-20,77.06,71.34,65.7
2021-04-21,75.04,70.11,63.69
2021-04-22,73.48,69.23,62.21
2021-04-23,73.92,69.82,62.89
2021-04-24,73.92,69.82,62.89
2021-04-25,73.92,69.82,62.89
2021-04-26,73.22,69.77,62.35
2021-04-27,73.98,70.32,63.24
2021-04-28,74.62,70.93,63.54
2021-04-29,74.62,72.19,65.05
2021-04-30,74.62,72.63,65.05
2021-05-01,74.62,72.63,65.05
2021-05-02,74.62,72.63,65.05
2021-05-03,75.39999999999999,71.33,65.05
2021-05-04,77.44,73.23,65.79
2021-05-05,78.63,74.63,67.71
2021-05-06,78.14,74.04,67.11
2021-05-07,76.45,73.5,65.89
2021-05-08,76.45,73.5,65.89
2021-05-09,76.45,73.5,65.89
2021-05-10,76.99,74.28,66.71
2021-05-11,75.4,73.95,65.5
2021-05-12,76.69,74.97,66.52
2021-05-13,75.63,75.2,66.52
2021-05-14,73.49,73.97,65.29
2021-05-15,73.49,73.97,65.29
2021-05-16,73.49,73.97,65.29
2021-05-17,75.19,74.78,67.13
2021-05-18,77.44,75.23,68.38
2021-05-19,75.55,74.95,66.09
2021-05-20,75.1,72.88,65.0
2021-05-21,72.7,72.12,63.2
2021-05-22,72.7,72.12,63.2
2021-05-23,72.7,72.12,63.2
2021-05-24,75.86,73.77,66.22
2021-05-25,75.86,75.18,66.22
2021-05-26,75.86,74.92,67.35
2021-05-27,76.25,74.9,66.38
2021-05-28,77.46,75.75,67.46
2021-05-29,77.46,75.75,67.46
2021-05-30,77.46,75.75,67.46
2021-05-31,76.39,75.43,67.9
2021-06-01,76.85,75.43,69.06
2021-06-02,76.85,77.07,69.19
2021-06-03,78.12,77.52,69.95
2021-06-04,78.15,77.57,70.09
2021-06-05,78.15,77.57,70.09
2021-06-06,78.15,77.57,70.09
2021-06-07,77.89,78.0,70.0
2021-06-08,77.08,77.64,69.3
2021-06-09,79.71,78.7,71.1
2021-06-10,79.05,78.53,70.66
2021-06-11,79.98,79.03,71.16
2021-06-12,79.98,79.03,71.16
2021-06-13,79.98,79.03,71.16
2021-06-14,80.96,79.08,72.04
2021-06-15,79.74,79.43,71.76
2021-06-16,80.63,80.16,72.74
2021-06-17,80.39,80.11,72.31
2021-06-18,79.38,78.88,70.95
2021-06-19,79.38,78.88,70.95
2021-06-20,79.38,78.88,70.95
2021-06-21,80.58,79.13,71.75
2021-06-22,81.54,80.13,72.5
2021-06-23,83.2,80.76,73.4
2021-06-24,83.67,80.71,73.7
2021-06-25,83.87,80.85,73.45
2021-06-26,83.87,80.85,73.45
2021-06-27,83.87,80.85,73.45
2021-06-28,83.29,81.02,73.85
2021-06-29,82.49,80.29,72.81
2021-06-30,83.5,80.49,72.85
2021-07-01,84.95,80.45,73.79
2021-07-02,86.05,80.89,74.05
2021-07-03,86.05,80.89,74.05
2021-07-04,86.05,80.89,74.05
2021-07-05,87.64,82.16,74.65
2021-07-06,89.51,82.88,75.85
2021-07-07,85.92,80.8,73.25
2021-07-08,82.99,78.75,70.59
2021-07-09,85.89,80.35,73.0
2021-07-10,85.89,80.35,73.0
2021-07-11,85.89,80.35,73.0
2021-07-12,86.09,80.95,73.5
2021-07-13,86.43,81.46,74.34
2021-07-14,86.6,82.21,74.69
2021-07-15,84.31,80.19,72.2
2021-07-16,84.26,79.52,72.2
2021-07-17,84.26,79.52,72.2
2021-07-18,84.26,79.52,72.2
2021-07-19,83.35,79.25,71.64
2021-07-20,83.35,79.25,71.64
2021-07-21,80.12,75.99,68.64
2021-07-22,83.34,78.74,71.4
2021-07-23,84.66999999999999,80.04,72.24
2021-07-24,84.66999999999999,80.04,72.24
2021-07-25,84.66999999999999,80.04,72.24
2021-07-26,84.46,79.99,71.55
2021-07-27,85.83,80.54,72.99000000000001
2021-07-28,85.95,80.18,72.79
2021-07-29,86.21,80.53,73.7
2021-07-30,87.05,81.58,73.9
2021-07-31,87.05,81.58,73.9
2021-08-01,87.05,81.58,73.9
2021-08-02,85.66,81.31,73.25
2021-08-03,84.27,79.83,71.85
2021-08-04,84.11,78.95,71.39
2021-08-05,81.68,77.01,68.81
2021-08-06,83.31,78.35,70.75
2021-08-07,83.31,78.35,70.75
2021-08-08,83.31,78.35,70.75
2021-08-09,83.31,78.35,70.75
2021-08-10,81.99,76.06,68.89
2021-08-11,82.71999999999997,76.96,69.75000000000006
2021-08-12,82.99000000000001,78.13,70.5
2021-08-13,82.26,77.83,70.02
2021-08-14,82.26,77.83,70.02
2021-08-15,82.26,77.83,70.02
2021-08-16,80.74,76.26,68.89
2021-08-17,79.63,75.91,68.41
2021-08-18,80.12,75.82,68.54
2021-08-19,76.52,73.57,65.34
2021-08-20,75.73,72.95,65.35
2021-08-21,75.73,72.95,65.35
2021-08-22,75.73,72.95,65.35
2021-08-23,75.57,72.81,66.05
2021-08-24,78.84,76.11,68.65
2021-08-25,80.35,77.85,69.65
2021-08-26,80.69,78.59,70.09
2021-08-27,80.83,78.63,70.75
2021-08-28,80.83,78.63,70.75
2021-08-29,80.83,78.63,70.75
2021-08-30,80.97,79.53,71.11
2021-08-31,80.92,79.88,71.15
2021-09-01,80.63,79.75,70.4
2021-09-02,80.0,79.64,69.71
2021-09-03,82.81,80.4,71.3
2021-09-04,82.81,80.4,71.3
2021-09-05,82.81,80.4,71.3
2021-09-06,81.72,80.54,69.96
2021-09-07,81.74,80.01,70.31
2021-09-08,81.12,79.95,69.75
2021-09-09,81.73,80.32,70.65
2021-09-10,81.75,79.85,70.86
2021-09-11,81.75,79.85,70.86
2021-09-12,81.75,79.85,70.86
2021-09-13,82.73,81.22,71.69
2021-09-14,83.7,81.86,72.26
2021-09-15,84.03,82.19,72.24
2021-09-16,84.58,83.51,73.07
2021-09-17,84.3,84.04,73.05
2021-09-18,84.3,84.04,73.05
2021-09-19,84.3,84.04,73.05
2021-09-20,83.21,83.11,72.1
2021-09-21,84.24,83.01,72.86
2021-09-22,85.06,83.53,73.26
2021-09-23,85.06,84.72,73.26
2021-09-24,86.94,86.46,74.76
2021-09-25,86.94,86.46,74.76
2021-09-26,86.94,86.46,74.76
2021-09-27,87.94,87.98,76.15
2021-09-28,88.54,89.05,77.3
2021-09-29,87.09,88.05,75.66
2021-09-30,89.1,88.84,75.95
2021-10-01,88.16,89.01,75.65
2021-10-02,88.16,89.01,75.65
2021-10-03,88.16,89.01,75.65
2021-10-04,89.65,90.32,77.14
2021-10-05,92.44,93.08,79.54
2021-10-06,94.37,95.38,80.54
2021-10-07,90.48,92.21,77.39
2021-10-08,94.69,92.82,81.2
2021-10-09,94.69,92.82,81.2
2021-10-10,94.69,92.82,81.2
2021-10-11,96.66,95.59,82.0
2021-10-12,96.66,95.76,82.0
2021-10-13,96.31,94.61,81.4
2021-10-14,98.63,96.04,82.25
2021-10-15,99.95,97.54,83.0
2021-10-16,99.95,97.54,83.0
2021-10-17,99.95,97.54,83.0
2021-10-18,101.95,98.16,83.86
2021-10-19,101.43,97.21,82.99
2021-10-20,101.43,96.4,82.99
2021-10-21,101.43,95.84,82.99
2021-10-22,102.92,95.89,82.55
2021-10-23,102.92,95.89,82.55
2021-10-24,102.92,95.89,82.55
2021-10-25,106.58,96.4,84.34
2021-10-26,107.16,96.36,83.91
2021-10-27,105.77,95.92,83.44
2021-10-28,102.1,94.34,81.87
2021-10-29,102.56,94.58,82.55
2021-10-30,102.56,94.58,82.55
2021-10-31,102.56,94.58,82.55
2021-11-01,102.78,94.41,81.96
2021-11-02,104.61,94.69,83.29
2021-11-03,101.99,92.5,81.9
2021-11-04,101.99,92.5,81.9
2021-11-05,97.97,91.16,79.45
2021-11-06,97.97,91.16,79.45
2021-11-07,97.97,91.16,79.45
2021-11-08,100.18,94.33,81.95
2021-11-09,99.85,94.72,82.21
2021-11-10,99.85,95.33,82.21
2021-11-11,97.82,93.46,81.8
2021-11-12,96.4,91.05,81.55
2021-11-13,96.4,91.05,81.55
2021-11-14,96.4,91.05,81.55
2021-11-15,95.75,89.7,80.85
2021-11-16,96.62,91.46,81.95
2021-11-17,95.32,91.28,80.99
2021-11-18,91.73,89.72,78.64
2021-11-19,93.76,90.38,80.9
2021-11-20,93.76,90.38,80.9
2021-11-21,93.76,90.38,80.9
2021-11-22,89.02,87.77,78.39
2021-11-23,89.59,87.42,78.45
2021-11-24,92.92,90.75,81.84
2021-11-25,92.26,90.76,81.4
2021-11-26,87.03,85.29,77.35
2021-11-27,87.03,85.29,77.35
2021-11-28,87.03,85.29,77.35
2021-11-29,85.11,83.33,75.15
2021-11-30,82.55,78.89,71.85
2021-12-01,81.95,80.2,71.1
2021-12-02,81.06,79.53,69.11
2021-12-03,81.06,81.44,69.11
2021-12-04,81.06,81.44,69.11
2021-12-05,81.06,81.44,69.11
2021-12-06,82.57,81.14,70.09
2021-12-07,86.46,84.19,73.19
2021-12-08,88.36,84.91,73.81
2021-12-09,88.36,85.27,73.81
2021-12-10,89.31,85.01,72.69
2021-12-11,89.31,85.01,72.69
2021-12-12,89.31,85.01,72.69
2021-12-13,90.93,86.56,74.09
2021-12-14,87.49,85.8,73.34
2021-12-15,87.26,84.72,71.98
2021-12-16,87.52,84.93,73.35
2021-12-17,88.45,84.63,73.33
2021-12-18,88.45,84.63,73.33
2021-12-19,88.45,84.63,73.33
2021-12-20,84.66,80.23,70.09
2021-12-21,85.84,82.64,70.54
2021-12-22,87.89,85.24,72.55
2021-12-23,89.3,85.94,73.51
2021-12-24,90.4,86.81,74.35
2021-12-25,90.4,86.81,74.35
2021-12-26,90.4,86.81,74.35
2021-12-27,90.4,86.19,74.35
2021-12-28,91.5,89.68,76.45
2021-12-29,92.28,89.74,76.96
2021-12-30,92.28,89.61,76.96
2021-12-31,92.28,89.9,76.96
2022-01-01,92.28,89.9,76.96
2022-01-02,92.28,89.9,76.96
2022-01-03,92.68,87.64,76.85
2022-01-04,93.33,88.6,77.49
2022-01-05,93.25,90.42,78.4
2022-01-06,93.43,90.84,78.81
2022-01-07,94.73,92.56,80.59
2022-01-08,94.73,92.56,80.59
2022-01-09,94.73,92.56,80.59
2022-01-10,94.63,92.83,80.34
2022-01-11,93.68,93.58,79.98
2022-01-12,95.9,96.09,82.21
2022-01-13,97.37,97.32,82.95
2022-01-14,97.53,96.91,83.74
2022-01-15,97.53,96.91,83.74
2022-01-16,97.53,96.91,83.74
2022-01-17,98.62,97.9,84.9
2022-01-18,100.48,99.43,86.55
2022-01-19,99.52,99.6,86.34
2022-01-20,99.79,98.47,86.3
2022-01-21,99.06,96.93,85.1
2022-01-22,99.06,96.93,85.1
2022-01-23,99.06,96.93,85.1
2022-01-24,100.77,100.02,86.74
2022-01-25,99.83,100.54,84.85
2022-01-26,101.85,101.62,86.74
2022-01-27,103.37,101.78,87.77
2022-01-28,104.29,104.24,87.56
2022-01-29,104.29,104.24,87.56
2022-01-30,104.29,104.24,87.56
2022-01-31,105.4,103.64,88.37
2022-02-01,105.4,103.64,88.37
2022-02-02,105.4,103.64,88.37
2022-02-03,106.2,104.08,87.45
2022-02-04,107.54,106.44,90.25
2022-02-05,107.54,106.44,90.25
2022-02-06,107.54,106.44,90.25
2022-02-07,107.84,106.9,90.94
2022-02-08,107.18,105.96,90.41
2022-02-09,106.73,103.85,89.36
2022-02-10,109.7,106.36,90.56
2022-02-11,109.37,105.65,90.21
2022-02-12,109.37,105.65,90.21
2022-02-13,109.37,105.65,90.21
2022-02-14,112.72,108.27,92.75
2022-02-15,112.72,107.08,92.75
2022-02-16,111.51,108.19,92.56
2022-02-17,109.73,106.08,91.87
2022-02-18,108.2,103.38,90.29
2022-02-19,108.2,103.38,90.29
2022-02-20,108.2,103.38,90.29
2022-02-21,109.3,105.37,91.69
2022-02-22,114.63,110.76,95.96
2022-02-23,112.27,107.36,93.61
2022-02-24,117.23,114.99,98.6
2022-02-25,115.61,111.25,95.81
2022-02-26,115.61,111.25,95.81
2022-02-27,115.61,111.25,95.81
2022-02-28,116.2,114.12,96.8
2022-03-01,117.2,112.52,98.66
2022-03-02,125.54,123.25,110.01
2022-03-03,133.35,125.64,116.59
2022-03-04,127.8,124.76,108.8
2022-03-05,127.8,124.76,108.8
2022-03-06,127.8,124.76,108.8
2022-03-07,145.88,139.94,125.15
2022-03-08,144.86,141.8,122.95
2022-03-09,153.77,161.02,127.81
2022-03-10,137.6,136.07,115.3
2022-03-11,129.4,126.5,110.51
2022-03-12,129.4,126.5,110.51
2022-03-13,129.4,126.5,110.51
2022-03-14,129.34,121.86,109.85
2022-03-15,119.66,114.15,99.73
2022-03-16,123.86,116.96,102.45
2022-03-17,123.62,121.93,100.8
2022-03-18,129.17,129.64,106.61
2022-03-19,129.17,129.64,106.61
2022-03-20,129.17,129.64,106.61
2022-03-21,132.08,135.96,109.75
2022-03-22,133.22,135.83,111.15
2022-03-23,133.41,140.71,111.75
2022-03-24,136.26,146.58,115.55
2022-03-25,129.84,143.92,111.9
2022-03-26,129.84,143.92,111.9
2022-03-27,129.84,143.92,111.9
2022-03-28,129.7,142.96,110.65
2022-03-29,127.09,137.32,108.59
2022-03-30,127.31,137.8,108.35
2022-03-31,126.04,132.43,107.66
2022-04-01,121.89,126.12,101.6
2022-04-02,121.89,126.12,101.6
2022-04-03,121.89,126.12,101.6
2022-04-04,123.56,129.36,101.79
2022-04-05,123.56,133.0,101.79
2022-04-06,125.49,132.81,103.75
2022-04-07,121.53,127.19,97.37
2022-04-08,121.62,127.04,98.11
2022-04-09,121.62,127.04,98.11
2022-04-10,121.62,127.04,98.11
2022-04-11,120.69,126.92,97.6
2022-04-12,120.69,130.84,97.6
2022-04-13,120.69,134.21,97.6
2022-04-14,128.75,142.05,105.85000000000001
2022-04-15,128.75,142.05,105.85000000000001
2022-04-16,128.75,142.05,105.85000000000001
2022-04-17,128.75,142.05,105.85000000000001
2022-04-18,132.56,147.57,108.09
2022-04-19,132.19,145.12,108.65
2022-04-20,129.09,146.14,105.51
2022-04-21,131.91,146.04,106.11
2022-04-22,132.14,142.74,105.05
2022-04-23,132.14,142.74,105.05
2022-04-24,132.14,142.74,105.05
2022-04-25,123.79,137.31,99.69
2022-04-26,126.62,140.94,99.55
2022-04-27,131.42,150.63,103.0
2022-04-28,131.78,153.23,102.8
2022-04-29,131.78,158.58,102.8
2022-04-30,131.78,158.58,102.8
2022-05-01,131.78,158.58,102.8
2022-05-02,131.78,158.58,102.8
2022-05-03,131.78,158.58,102.8
2022-05-04,140.09,151.46,104.66
2022-05-05,142.43,149.34,106.61
2022-05-06,142.43,148.66,107.8
2022-05-07,142.43,148.66,107.8
2022-05-08,142.43,148.66,107.8
2022-05-09,142.68,140.32,107.95
2022-05-10,137.86,136.29,103.1
2022-05-11,137.86,141.69,103.1
2022-05-12,136.37,136.84,102.84
2022-05-13,136.37,139.58,102.84
2022-05-14,136.37,139.58,102.84
2022-05-15,136.37,139.58,102.84
2022-05-16,136.37,139.58,102.84
2022-05-17,150.32,141.29,110.81
2022-05-18,153.84,140.25,109.71
2022-05-19,146.74,129.85,105.58
2022-05-20,146.74,137.06,105.58
2022-05-21,146.74,137.06,105.58
2022-05-22,146.74,137.06,105.58
2022-05-23,149.88,137.09,109.39
2022-05-24,145.87,137.57,107.89
2022-05-25,147.3,145.35,109.2
2022-05-26,150.62,146.3,108.91
2022-05-27,154.26,150.3,112.36
2022-05-28,154.26,150.3,112.36
2022-05-29,154.26,150.3,112.36
2022-05-30,158.12,152.76,113.79
2022-05-31,157.58,164.57,116.35
2022-06-01,152.71,167.19,112.66
2022-06-02,152.71,167.19,112.66
2022-06-03,153.59,171.84,112.1
2022-06-04,153.59,171.84,112.1
2022-06-05,153.59,171.84,112.1
2022-06-06,157.41,177.18,115.6
2022-06-07,154.9,177.22,115.56
2022-06-08,153.74,173.34,116.51
2022-06-09,156.64,175.08,118.79
2022-06-10,160.37,180.12,118.95
2022-06-11,160.37,180.12,118.95
2022-06-12,160.37,180.12,118.95
2022-06-13,154.78,176.94,115.66
2022-06-14,158.09,179.82,118.61
2022-06-15,158.11,181.73,116.3
2022-06-16,156.77,183.94,114.94
2022-06-17,158.05,186.0,116.3
2022-06-18,158.05,186.0,116.3
2022-06-19,158.05,186.0,116.3
2022-06-20,151.46,178.68,108.4
2022-06-21,160.86,186.03,111.75
2022-06-22,155.26,179.05,106.6
2022-06-23,152.89,180.15,106.45
2022-06-24,153.4,181.45,106.5
2022-06-25,153.4,181.45,106.5
2022-06-26,153.4,181.45,106.5
2022-06-27,156.51,179.61,110.0
2022-06-28,155.79,176.62,113.16
2022-06-29,154.51,167.31,114.19
2022-06-30,149.53,165.12,113.35
2022-07-01,145.63,166.96,106.31
2022-07-02,145.63,166.96,106.31
2022-07-03,145.63,166.96,106.31
2022-07-04,148.63,163.52,108.37
2022-07-05,147.38,163.02,111.01
2022-07-06,129.67,149.39,101.69
2022-07-07,123.12,137.37,98.2
2022-07-08,124.75,150.61,104.05
2022-07-09,124.75,150.61,104.05
2022-07-10,124.75,150.61,104.05
2022-07-11,124.75,150.61,104.05
2022-07-12,124.75,150.61,104.05
2022-07-13,124.75,150.61,104.05
2022-07-14,124.75,150.61,104.05
2022-07-15,109.56,142.45,98.32
2022-07-16,109.56,142.45,98.32
2022-07-17,109.56,142.45,98.32
2022-07-18,115.61,144.23,102.59
2022-07-19,118.27,142.47,104.81
2022-07-20,116.26,138.72,104.44
2022-07-21,110.04,136.55,102.0
2022-07-22,107.21,136.55,102.69
2022-07-23,107.21,136.55,102.69
2022-07-24,107.21,136.55,102.69
2022-07-25,108.26,131.9,101.21
2022-07-26,117.95,138.51,104.9
2022-07-27,117.95,138.51,104.9
2022-07-28,117.95,138.51,104.9
2022-07-29,119.98,142.87,107.24
2022-07-30,119.98,142.87,107.24
2022-07-31,119.98,142.87,107.24
2022-08-01,117.08,138.13,101.5
2022-08-02,112.54,133.11,97.98
2022-08-03,113.31,132.41,98.36
2022-08-04,108.98,135.07,95.7
2022-08-05,103.67,130.33,93.76
2022-08-06,103.67,130.33,93.76
2022-08-07,103.67,130.33,93.76
2022-08-08,106.1,123.72,94.26
2022-08-09,106.1,123.72,94.26
2022-08-10,107.77,128.06,94.86
2022-08-11,107.77,128.06,94.86
2022-08-12,113.6,136.36,98.28
2022-08-13,113.6,136.36,98.28
2022-08-14,113.6,136.36,98.28
2022-08-15,111.58,133.9,94.56
2022-08-16,108.98,134.52,92.1
2022-08-17,108.96,134.42,90.4
2022-08-18,112.08,138.33,92.8
2022-08-19,112.82,139.32,94.35
2022-08-20,112.82,139.32,94.35
2022-08-21,112.82,139.32,94.35
2022-08-22,112.57,142.16,93.95
2022-08-23,114.46,149.14,96.5
2022-08-24,115.71,151.0,99.5
2022-08-25,113.24,157.39,99.9
2022-08-26,111.05,153.83,99.65
2022-08-27,111.05,153.83,99.65
2022-08-28,111.05,153.83,99.65
2022-08-29,111.01,152.51,100.16
2022-08-30,111.35,150.46,102.8
2022-08-31,100.14,145.27,97.85
2022-09-01,96.16,138.23,93.95
2022-09-02,102.97,140.19,94.75
2022-09-03,102.97,140.19,94.75
2022-09-04,102.97,140.19,94.75
2022-09-05,104.77,143.73,95.34
2022-09-06,106.0,142.54,95.21
2022-09-07,104.14,137.9,92.2
2022-09-08,98.83,137.48,88.0
2022-09-09,101.67,137.51,90.41
2022-09-10,101.67,137.51,90.41
2022-09-11,101.67,137.51,90.41
2022-09-12,103.99,139.06,92.36
2022-09-13,106.84,141.43,94.45
2022-09-14,103.79,129.56,92.71
2022-09-15,100.85,118.55,93.61
2022-09-16,91.85,116.93,91.01
2022-09-17,91.85,116.93,91.01
2022-09-18,91.85,116.93,91.01
2022-09-19,91.39,117.1,90.34
2022-09-20,96.92,125.25,92.55
2022-09-21,98.26,128.86,92.7
2022-09-22,95.65,125.69,91.2
2022-09-23,91.01,121.47,88.8
2022-09-24,91.01,121.47,88.8
2022-09-25,91.01,121.47,88.8
2022-09-26,87.98,117.37,84.85
2022-09-27,90.0,117.36,84.2
2022-09-28,91.4,118.96,84.61
2022-09-29,93.14,124.22,87.3
2022-09-30,93.67,120.74,89.5
2022-10-01,93.67,120.74,89.5
2022-10-02,93.67,120.74,89.5
2022-10-03,92.4,124.65,88.26
2022-10-04,89.81,127.44,88.8
2022-10-05,94.03,132.95,91.18
2022-10-06,95.31,140.45,93.26
2022-10-07,96.75,146.04,94.35
2022-10-08,96.75,146.04,94.35
2022-10-09,96.75,146.04,94.35
2022-10-10,97.11,145.93,96.54
2022-10-11,94.47,136.12,93.7
2022-10-12,94.47,136.12,93.7
2022-10-13,94.47,136.12,93.7
2022-10-14,95.58,140.88,92.1
2022-10-15,95.58,140.88,92.1
2022-10-16,95.58,140.88,92.1
2022-10-17,94.06,138.91,89.65
2022-10-18,94.79,140.59,88.82
2022-10-19,92.75,134.58,85.75
2022-10-20,96.51,139.62,89.91
2022-10-21,96.51,139.62,89.91
2022-10-22,96.51,139.62,89.91
2022-10-23,96.51,139.62,89.91
2022-10-24,96.51,139.62,89.91
2022-10-25,95.72,134.58,89.56
2022-10-26,93.46,135.05,90.35
2022-10-27,96.01,137.71,92.35
2022-10-28,97.59,139.57,92.65
2022-10-29,97.59,139.57,92.65
2022-10-30,97.59,139.57,92.65
2022-10-31,93.99,138.42,90.6
2022-11-01,95.76,136.78,91.39
2022-11-02,98.03,131.75,90.95
2022-11-03,100.31,132.13,89.79
2022-11-04,105.43,136.67,92.29
2022-11-05,105.43,136.67,92.29
2022-11-06,105.43,136.67,92.29
2022-11-07,106.48,136.9,92.9
2022-11-08,104.39,136.3,92.29
2022-11-09,100.73,135.46,89.76
2022-11-10,98.47,131.31,87.14
2022-11-11,102.32,134.87,91.04
2022-11-12,102.32,134.87,91.04
2022-11-13,102.32,134.87,91.04
2022-11-14,103.69,133.66,91.0
2022-11-15,100.19,130.54,86.8
2022-11-16,100.84,132.07,88.04
2022-11-17,99.87,130.6,87.15
2022-11-18,97.81,125.72,84.34
2022-11-19,97.81,125.72,84.34
2022-11-20,97.81,125.72,84.34
2022-11-21,96.47,122.11,81.25
2022-11-22,98.05,122.97,82.3
2022-11-23,98.13,122.25,81.79
2022-11-24,94.0,117.83,77.64
2022-11-25,94.68,117.44,81.06
2022-11-26,94.68,117.44,81.06
2022-11-27,94.68,117.44,81.06
2022-11-28,89.04,112.2,76.65
2022-11-29,90.34,114.9,80.94
2022-11-30,91.01,117.29,80.4
2022-12-01,92.63,119.82,81.35
2022-12-02,92.63,119.82,81.35
2022-12-03,92.63,119.82,81.35
2022-12-04,92.63,119.82,81.35
2022-12-05,91.3,116.21,80.8
2022-12-06,89.25,111.29,77.95
2022-12-07,86.69,107.03,74.8
2022-12-08,84.84,103.18,73.05
2022-12-09,84.84,103.18,73.05
2022-12-10,84.84,103.18,73.05
2022-12-11,84.84,103.18,73.05
2022-12-12,82.74,103.33,71.81
2022-12-13,88.19,110.92,75.45
2022-12-14,89.34,116.02,76.69
2022-12-15,89.72,121.11,77.69
2022-12-16,87.42,119.64,76.35
2022-12-17,87.42,119.64,76.35
2022-12-18,87.42,119.64,76.35
2022-12-19,86.23,114.48,75.34
2022-12-20,87.05,111.45,75.75
2022-12-21,88.49,113.57,76.7
2022-12-22,90.75,115.26,78.85
2022-12-23,91.19,112.96,78.1
2022-12-24,91.19,112.96,78.1
2022-12-25,91.19,112.96,78.1
2022-12-26,91.19,112.96,78.1
2022-12-27,94.32,119.53,80.59
2022-12-28,94.41,119.0,79.95
2022-12-29,94.41,119.0,79.95
2022-12-30,94.41,119.0,79.95
2022-12-31,94.41,119.0,79.95
2023-01-01,94.41,119.0,79.95
2023-01-02,94.41,119.0,79.95
2023-01-03,97.57,116.4,82.06
2023-01-04,91.37,109.0,77.06
2023-01-05,89.5,109.13,75.14
2023-01-06,89.96,107.6,75.14
2023-01-07,89.96,107.6,75.14
2023-01-08,89.96,107.6,75.14
2023-01-09,91.95,110.53,77.05
2023-01-10,91.78,109.54,76.0
2023-01-11,92.88,112.74,76.8
2023-01-12,96.44,115.63,79.5
2023-01-13,98.49,118.2,81.05
2023-01-14,98.49,118.2,81.05
2023-01-15,98.49,118.2,81.05
2023-01-16,100.22,119.13,81.75
2023-01-17,99.53,119.52,82.49
2023-01-18,104.42,118.73,83.65
2023-01-19,102.68,118.85,81.39
2023-01-20,102.68,118.85,81.39
2023-01-21,108.41,121.96,83.84
2023-01-22,108.41,121.96,83.84
2023-01-23,108.41,121.96,83.84
2023-01-24,108.41,121.96,83.84
2023-01-25,108.49,124.33,83.5
2023-01-26,106.44,120.07,83.19
2023-01-27,106.96,122.61,84.15
2023-01-28,106.96,122.61,84.15
2023-01-29,106.96,122.61,84.15
2023-01-30,103.02,117.92,82.6
2023-01-31,100.82,114.53,80.88
2023-02-01,101.96,118.33,83.56
2023-02-02,99.11,111.68,80.87
2023-02-03,98.4,110.37,79.75
2023-02-04,98.4,110.37,79.75
2023-02-05,98.4,110.37,79.75
2023-02-06,95.36,105.71,78.3
2023-02-07,99.82,105.23,80.41
2023-02-08,101.46,109.52,81.9
2023-02-09,101.67,109.87,83.2
2023-02-10,100.75,107.27,83.56
2023-02-11,100.75,107.27,83.56
2023-02-12,100.75,107.27,83.56
2023-02-13,101.39,107.58,84.4
2023-02-14,102.27,110.72,84.88
2023-02-15,100.25,110.73,83.34
2023-02-16,101.81,108.97,84.01
2023-02-17,97.23,104.47,82.24
2023-02-18,97.23,104.47,82.24
2023-02-19,97.23,104.47,82.24
2023-02-20,98.71,104.66,82.39
2023-02-21,99.88,103.8,81.9
2023-02-22,98.35,105.23,80.8
2023-02-23,95.63,102.47,80.05
2023-02-24,98.38,104.94,82.06
2023-02-25,98.38,104.94,82.06
2023-02-26,98.38,104.94,82.06
2023-02-27,97.95,106.53,82.16
2023-02-28,97.38,105.81,81.9
2023-03-01,99.58,108.04,82.46
2023-03-02,98.32,108.01,82.84
2023-03-03,98.32,108.01,82.84
2023-03-04,98.32,108.01,82.84
2023-03-05,98.32,108.01,82.84
2023-03-06,102.46,110.59,84.09
2023-03-07,103.32,110.06,84.56
2023-03-08,100.25,106.94,81.96
2023-03-09,100.42,105.15,81.79
2023-03-10,98.15,101.6,80.21
2023-03-11,98.15,101.6,80.21
2023-03-12,98.15,101.6,80.21
2023-03-13,100.82,106.19,82.31
2023-03-14,99.5,103.22,79.09
2023-03-15,100.58,103.12,77.84
2023-03-16,93.04,96.75,73.98
2023-03-17,94.51,100.7,74.85
2023-03-18,94.51,100.7,74.85
2023-03-19,94.51,100.7,74.85
2023-03-20,90.62,95.7,70.29
2023-03-21,94.83,99.01,73.7
2023-03-22,95.36,99.46,74.55
2023-03-23,98.36,101.25,76.09
2023-03-24,99.47,99.82,75.11
2023-03-25,99.47,99.82,75.11
2023-03-26,99.47,99.82,75.11
2023-03-27,98.43,98.59,74.75
2023-03-28,100.76,101.78,77.84
2023-03-29,100.89,100.91,77.99
2023-03-30,98.7,99.56,77.75
2023-03-31,97.85,99.15,78.05
2023-04-01,97.85,99.15,78.05
2023-04-02,97.85,99.15,78.05
2023-04-03,104.44,104.52,84.05
2023-04-04,104.98,104.2,85.05
2023-04-05,104.98,104.2,85.05
2023-04-06,104.85,103.79,84.55
2023-04-07,104.85,103.79,84.55
2023-04-08,104.85,103.79,84.55
2023-04-09,104.85,103.79,84.55
2023-04-10,104.79,102.41,84.73
2023-04-11,104.6,100.72,84.5
2023-04-12,104.6,100.72,84.5
2023-04-13,104.6,100.72,84.5
2023-04-14,104.6,100.72,84.5
2023-04-15,104.6,100.72,84.5
2023-04-16,104.6,100.72,84.5
2023-04-17,102.26,99.54,85.9
2023-04-18,100.71,98.82,84.65
2023-04-19,99.64,97.38,83.54
2023-04-20,96.41,95.44,81.71
2023-04-21,95.76,94.21,80.75
2023-04-22,95.76,94.21,80.75
2023-04-23,95.76,94.21,80.75
2023-04-24,95.41,94.82,80.9
2023-04-25,97.58,97.57,82.75
2023-04-26,93.87,94.61,80.24
2023-04-27,92.11,91.2,77.95
2023-04-28,92.11,91.2,77.95
2023-04-29,92.11,91.2,77.95
2023-04-30,92.11,91.2,77.95
2023-05-01,92.11,91.2,77.95
2023-05-02,92.67,90.94,78.6
2023-05-03,92.67,90.94,78.6
2023-05-04,92.67,90.94,78.6
2023-05-05,86.24,86.41,73.25
2023-05-06,86.24,86.41,73.25
2023-05-07,86.24,86.41,73.25
2023-05-08,88.68,89.31,76.16
2023-05-09,87.67,89.14,75.81
2023-05-10,89.05,89.46,75.72
2023-05-11,90.33,90.87,76.19
2023-05-12,88.01,88.07,73.53
2023-05-13,88.01,88.07,73.53
2023-05-14,88.01,88.07,73.53
2023-05-15,87.27,87.3,73.3
2023-05-16,88.34,89.94,74.55
2023-05-17,88.17,89.41,73.15
2023-05-18,92.14,91.57,75.33
2023-05-19,93.17,91.59,75.01
2023-05-20,93.17,91.59,75.01
2023-05-21,93.17,91.59,75.01
2023-05-22,91.98,89.34,74.23
2023-05-23,92.43,89.7,74.92
2023-05-24,94.2,90.56,76.61
2023-05-25,93.99,91.16,76.7
2023-05-26,92.33,89.76,75.34
2023-05-27,92.33,89.76,75.34
2023-05-28,92.33,89.76,75.34
2023-05-29,92.78,90.82,76.25
2023-05-30,92.01,89.68,74.93
2023-05-31,89.74,86.89,72.22
2023-06-01,89.74,86.89,72.22
2023-06-02,89.74,86.92,71.68
2023-06-03,89.74,86.92,71.68
2023-06-04,89.74,86.92,71.68
2023-06-05,94.33,92.58,76.44
2023-06-06,92.11,89.85,74.3
2023-06-07,92.57,91.2,75.2
2023-06-08,94.97,92.87,76.15
2023-06-09,95.08,92.38,75.2
2023-06-10,95.08,92.38,75.2
2023-06-11,95.08,92.38,75.2
2023-06-12,93.07,89.6,72.39
2023-06-13,90.83,89.55,71.96
2023-06-14,92.71,92.62,74.6
2023-06-15,92.62,90.81,73.35
2023-06-16,95.57,95.03,75.45
2023-06-17,95.57,95.03,75.45
2023-06-18,95.57,95.03,75.45
2023-06-19,94.77,96.04,76.29
2023-06-20,93.64,94.7,77.45
2023-06-21,93.33,93.61,76.95
2023-06-22,93.35,95.8,77.45
2023-06-23,90.68,91.33,74.1
2023-06-24,90.68,91.33,74.1
2023-06-25,90.68,91.33,74.1
2023-06-26,90.19,91.7,74.5
2023-06-27,91.06,93.47,75.49
2023-06-28,89.98,91.65,74.25
2023-06-29,89.98,91.65,74.25
2023-06-30,92.58,92.92,76.64
2023-07-01,92.58,92.92,76.64
2023-07-02,92.58,92.92,76.64
2023-07-03,91.82,92.33,75.2
2023-07-04,90.6,92.13,75.2
2023-07-05,90.0,93.59,75.43
2023-07-06,90.75,95.67,77.3
2023-07-07,93.61,96.4,77.85
2023-07-08,93.61,96.4,77.85
2023-07-09,93.61,96.4,77.85
2023-07-10,93.33,97.78,78.27
2023-07-11,95.24,98.44,78.8
2023-07-12,96.85,100.06,79.9
2023-07-13,98.61,101.23,81.1
2023-07-14,99.69,100.71,81.94
2023-07-15,99.69,100.71,81.94
2023-07-16,99.69,100.71,81.94
2023-07-17,98.33,98.95,79.46
2023-07-18,100.17,99.12,79.6
2023-07-19,100.25,100.91,81.0
2023-07-20,102.22,102.87,81.05
2023-07-21,103.58,104.31,81.74
2023-07-22,103.58,104.31,81.74
2023-07-23,103.58,104.31,81.74
2023-07-24,105.23,106.55,82.51
2023-07-25,104.95,108.01,84.25
2023-07-26,104.23,108.4,84.3
2023-07-27,104.23,108.4,84.3
2023-07-28,104.23,108.4,84.3
2023-07-29,104.23,108.4,84.3
2023-07-30,104.23,108.4,84.3
2023-07-31,104.23,108.4,84.3
2023-08-01,104.23,108.4,84.3
2023-08-02,105.24,119.94,86.31
2023-08-03,100.79,117.58,83.98
2023-08-04,100.79,117.58,83.98
2023-08-05,100.79,117.58,83.98
2023-08-06,100.79,117.58,83.98
2023-08-07,104.6,117.71,87.74
2023-08-08,104.52,115.44,87.1
2023-08-09,104.52,115.44,87.1
2023-08-10,110.59,123.03,89.04
2023-08-11,110.59,123.03,89.04
2023-08-12,110.59,123.03,89.04
2023-08-13,110.59,123.03,89.04
2023-08-14,110.18,119.74,87.6
2023-08-15,109.11,118.63,87.15
2023-08-16,108.01,116.7,86.05
2023-08-17,107.28,116.79,84.95
2023-08-18,106.52,119.05,85.4
2023-08-19,106.52,119.05,85.4
2023-08-20,106.52,119.05,85.4
2023-08-21,107.43,120.94,86.94
2023-08-22,107.66,117.89,85.75
2023-08-23,109.25,119.18,85.35
2023-08-24,109.29,118.47,85.1
2023-08-25,111.48,120.65,86.2
2023-08-26,111.48,120.65,86.2
2023-08-27,111.48,120.65,86.2
2023-08-28,110.73,123.98,86.3
2023-08-29,109.27,121.25,86.1
2023-08-30,108.6,121.78,86.79
2023-08-31,107.85,118.28,87.54
2023-09-01,107.85,118.28,87.54
2023-09-02,107.85,118.28,87.54
2023-09-03,107.85,118.28,87.54
2023-09-04,109.7,119.63,89.48
2023-09-05,108.82,120.47,89.21
2023-09-06,107.37,122.83,90.59
2023-09-07,109.3,122.04,91.5
2023-09-08,110.3,123.92,91.09
2023-09-09,110.3,123.92,91.09
2023-09-10,110.3,123.92,91.09
2023-09-11,110.81,125.07,91.6
2023-09-12,111.73,126.3,92.35
2023-09-13,113.59,126.34,93.9
2023-09-14,115.33,128.34,93.85
2023-09-15,118.27,131.4,95.55
2023-09-16,118.27,131.4,95.55
2023-09-17,118.27,131.4,95.55
2023-09-18,116.94,127.22,95.21
2023-09-19,114.16,124.35,95.2
2023-09-20,111.39,124.81,93.86
2023-09-21,111.39,124.81,93.86
2023-09-22,109.24,127.87,94.3
2023-09-23,109.24,127.87,94.3
2023-09-24,109.24,127.87,94.3
2023-09-25,107.55,127.11,94.1
2023-09-26,105.49,122.53,92.84
2023-09-27,106.44,125.61,95.45
2023-09-28,106.97,128.33,96.77
2023-09-29,103.14,128.21,96.12
2023-09-30,103.14,128.21,96.12
2023-10-01,103.14,128.21,96.12
2023-10-02,103.14,128.21,96.12
2023-10-03,99.1,124.51,91.1
2023-10-04,96.25,120.79,90.67
2023-10-05,94.03,114.36,86.3
2023-10-06,94.04,110.9,84.84
2023-10-07,94.04,110.9,84.84
2023-10-08,94.04,110.9,84.84
2023-10-09,97.89,115.75,87.06
2023-10-10,97.59,114.92,88.5
2023-10-11,98.3,117.48,88.21
2023-10-12,98.3,117.48,88.21
2023-10-13,97.73,118.6,88.91
2023-10-14,97.73,118.6,88.91
2023-10-15,97.73,118.6,88.91
2023-10-16,98.53,121.3,91.14
2023-10-17,98.31,119.44,90.79
2023-10-18,100.47,119.81,92.49
2023-10-19,99.99,117.44,91.2
2023-10-20,99.99,117.44,91.2
2023-10-21,99.99,117.44,91.2
2023-10-22,99.99,117.44,91.2
2023-10-23,101.59,119.7,92.35
2023-10-24,100.67,116.26,90.5
2023-10-25,100.31,113.09,89.04
2023-10-26,101.54,114.96,90.12
2023-10-27,102.52,115.95,89.75
2023-10-28,102.52,115.95,89.75
2023-10-29,102.52,115.95,89.75
2023-10-30,100.61,113.32,89.86
2023-10-31,98.4,112.36,88.06
2023-11-01,98.9,112.6,86.26
2023-11-02,99.4,113.42,86.95
2023-11-03,101.13,115.43,88.25
2023-11-04,101.13,115.43,88.25
2023-11-05,101.13,115.43,88.25
2023-11-06,100.53,112.34,86.9
2023-11-07,98.68,109.6,85.05
2023-11-08,98.37,105.98,82.75
2023-11-09,97.12,102.14,81.3
2023-11-10,99.49,101.25,81.61
2023-11-11,99.49,101.25,81.61
2023-11-12,99.49,101.25,81.61
2023-11-13,99.49,101.25,81.61
2023-11-14,100.93,105.56,83.36
2023-11-15,99.07,105.12,83.24
2023-11-16,97.41,105.77,81.68
2023-11-17,92.67,101.05,79.26
2023-11-18,92.67,101.05,79.26
2023-11-19,92.67,101.05,79.26
2023-11-20,95.93,104.19,82.8
2023-11-21,97.03,105.73,83.4
2023-11-22,97.8,107.67,84.2
2023-11-23,97.46,105.19,82.7
2023-11-24,97.3,105.38,83.06
2023-11-25,97.3,105.38,83.06
2023-11-26,97.3,105.38,83.06
2023-11-27,95.87,103.57,81.5
2023-11-28,97.35,103.77,82.15
2023-11-29,97.57,105.27,83.0
2023-11-30,99.12,106.34,85.39
2023-12-01,94.35,102.4,81.3
2023-12-02,94.35,102.4,81.3
2023-12-03,94.35,102.4,81.3
2023-12-04,94.35,102.4,81.3
2023-12-05,91.34,100.45,78.54
2023-12-06,90.84,99.55,77.54
2023-12-07,88.61,97.48,75.01
2023-12-08,88.61,97.48,75.01
2023-12-09,88.61,97.48,75.01
2023-12-10,88.61,97.48,75.01
2023-12-11,89.36,98.12,76.64
2023-12-12,89.49,98.85,76.24
2023-12-13,86.34,94.66,71.64
2023-12-14,89.61,98.43,74.4
2023-12-15,92.4,99.84,76.15
2023-12-16,92.4,99.84,76.15
2023-12-17,92.4,99.84,76.15
2023-12-18,92.11,99.92,76.15
2023-12-19,92.98,100.92,76.84
2023-12-20,94.65,103.28,79.05
2023-12-21,92.19,101.66,78.85
2023-12-22,92.07,101.65,79.1
2023-12-23,92.07,101.65,79.1
2023-12-24,92.07,101.65,79.1
2023-12-25,92.07,101.65,79.1
2023-12-26,91.46,100.67,78.65
2023-12-27,93.65,101.29,80.2
2023-12-28,93.65,101.29,80.2
2023-12-29,93.65,101.29,80.2
2023-12-30,93.65,101.29,80.2
2023-12-31,93.65,101.29,80.2
2024-01-01,93.65,101.29,80.2
2024-01-02,91.02,100.57,78.1
2024-01-03,89.52,97.16,75.29
2024-01-04,93.42,100.85,78.65
2024-01-05,91.45,99.98,77.75
2024-01-06,91.45,99.98,77.75
2024-01-07,91.45,99.98,77.75
2024-01-08,90.91,100.14,77.86
2024-01-09,89.32,99.07,76.85
2024-01-10,91.68,100.67,78.0
2024-01-11,91.48,100.14,77.29
2024-01-12,95.45,104.42,79.05
2024-01-13,95.45,104.42,79.05
2024-01-14,95.45,104.42,79.05
2024-01-15,94.05,102.12,78.0
2024-01-16,94.9,103.0,77.84
2024-01-17,93.09,101.48,76.75
2024-01-18,95.56,102.51,77.55
2024-01-19,97.74,103.82,78.9
2024-01-20,97.74,103.82,78.9
2024-01-21,97.74,103.82,78.9
2024-01-22,97.16,101.78,77.75
2024-01-23,101.01,104.47,79.9
2024-01-24,100.72,103.91,79.56
2024-01-25,101.96,104.56,80.3
2024-01-26,102.8,107.18,81.65
2024-01-27,102.8,107.18,81.65
2024-01-28,102.8,107.18,81.65
2024-01-29,105.17,108.85,83.3
2024-01-30,101.74,108.16,81.91
2024-01-31,101.3,107.46,82.4
2024-02-01,100.01,108.05,80.3
2024-02-02,98.45,105.54,78.95
2024-02-03,98.45,105.54,78.95
2024-02-04,98.45,105.54,78.95
2024-02-05,97.0,104.12,77.41
2024-02-06,98.21,106.12,78.0
2024-02-07,98.09,106.84,78.5
2024-02-08,99.61,107.9,79.33
2024-02-09,101.05,109.26,81.04
2024-02-10,101.05,109.26,81.04
2024-02-11,101.05,109.26,81.04
2024-02-12,101.05,109.26,81.04
2024-02-13,102.91,111.57,81.91
2024-02-14,103.66,110.49,82.44
2024-02-15,99.92,107.27,80.55
2024-02-16,100.76,107.23,82.05
2024-02-17,100.76,107.23,82.05
2024-02-18,100.76,107.23,82.05
2024-02-19,100.24,106.49,82.29
2024-02-20,99.02,107.11,82.75
2024-02-21,98.6,104.78,81.46
2024-02-22,100.78,105.43,82.6
2024-02-23,100.78,105.43,82.6
2024-02-24,100.78,105.43,82.6
2024-02-25,100.78,105.43,82.6
2024-02-26,99.18,103.58,80.39
2024-02-27,101.65,105.84,82.05
2024-02-28,102.04,104.3,81.86
2024-02-29,100.8,102.71,81.8
2024-03-01,99.03,103.64,81.54
2024-03-02,99.03,103.64,81.54
2024-03-03,99.03,103.64,81.54
2024-03-04,98.26,104.74,83.1
2024-03-05,98.94,102.3,81.79
2024-03-06,97.08,101.74,82.04
2024-03-07,98.14,102.89,82.38
2024-03-08,99.79,104.89,83.36
2024-03-09,99.79,104.89,83.36
2024-03-10,99.79,104.89,83.36
2024-03-11,98.19,102.43,82.11
2024-03-12,99.19,103.48,82.87
2024-03-13,98.51,101.83,82.21
2024-03-14,99.8,104.44,84.11
2024-03-15,100.94,104.43,84.79
2024-03-16,100.94,104.43,84.79
2024-03-17,100.94,104.43,84.79
2024-03-18,103.56,106.52,85.66
2024-03-19,103.3,107.55,86.41
2024-03-20,104.4,105.52,86.49
2024-03-21,104.78,104.41,86.01
2024-03-22,105.55,104.19,85.15
2024-03-23,105.55,104.19,85.15
2024-03-24,105.55,104.19,85.15
2024-03-25,105.67,103.42,85.35
2024-03-26,105.19,103.99,86.2
2024-03-27,103.9,102.06,85.2
2024-03-28,104.58,102.72,86.3
2024-03-29,104.58,102.72,86.3
2024-03-30,104.58,102.72,86.3
2024-03-31,104.58,102.72,86.3
2024-04-01,106.58,104.13,87.66
2024-04-02,106.91,104.86,89.06
2024-04-03,107.09,107.56,89.47
2024-04-04,106.36,107.66,89.65
2024-04-05,106.36,107.66,89.65
2024-04-06,106.36,107.66,89.65
2024-04-07,106.36,107.66,89.65
2024-04-08,106.27,108.66,90.06
2024-04-09,106.43,108.38,90.75
2024-04-10,106.43,108.38,90.75
2024-04-11,108.46,106.3,90.25
2024-04-12,108.46,106.3,90.25
2024-04-13,108.46,106.3,90.25
2024-04-14,108.46,106.3,90.25
2024-04-15,108.46,106.3,90.25
2024-04-16,108.46,106.3,90.25
2024-04-17,108.41,105.88,90.05
2024-04-18,105.32,101.86,87.44
2024-04-19,105.41,100.68,87.69
2024-04-20,105.41,100.68,87.69
2024-04-21,105.41,100.68,87.69
2024-04-22,104.36,100.58,86.4
2024-04-23,104.94,102.67,88.45
2024-04-24,105.05,102.13,88.85
2024-04-25,105.56,102.19,88.6
2024-04-26,106.1,101.78,88.96
2024-04-27,106.1,101.78,88.96
2024-04-28,106.1,101.78,88.96
2024-04-29,106.05,101.28,88.89
2024-04-30,106.05,101.28,88.89
2024-05-01,106.05,101.28,88.89
2024-05-02,100.51,97.79,84.49
2024-05-03,100.51,97.79,84.49
2024-05-04,100.51,97.79,84.49
2024-05-05,100.51,97.79,84.49
2024-05-06,98.2,97.2,84.01
2024-05-07,98.51,97.76,84.14
2024-05-08,95.84,96.5,83.0
2024-05-09,96.86,98.98,84.65
2024-05-10,97.03,98.72,84.83
2024-05-11,97.03,98.72,84.83
2024-05-12,97.03,98.72,84.83
2024-05-13,96.4,97.09,83.85
2024-05-14,95.49,97.22,83.89
2024-05-15,94.93,96.97,83.4
2024-05-16,96.38,96.84,83.75
2024-05-17,97.35,97.96,84.64
2024-05-18,97.35,97.96,84.64
2024-05-19,97.35,97.96,84.64
2024-05-20,97.43,98.57,85.16
2024-05-21,97.43,98.57,85.16
2024-05-22,97.43,98.57,85.16
2024-05-23,93.75,95.97,82.34
2024-05-24,92.47,95.17,82.45
2024-05-25,92.47,95.17,82.45
2024-05-26,92.47,95.17,82.45
2024-05-27,92.46,95.92,83.3
2024-05-28,92.45,97.93,84.44
2024-05-29,93.52,99.3,85.48
2024-05-30,90.86,97.24,84.3
2024-05-31,90.86,97.24,84.3
2024-06-01,90.86,97.24,84.3
2024-06-02,90.86,97.24,84.3
2024-06-03,91.38,95.41,81.9
2024-06-04,88.04,91.71,77.88
2024-06-05,89.43,92.36,78.21
2024-06-06,89.87,92.68,79.25
2024-06-07,91.12,94.26,80.11
2024-06-08,91.12,94.26,80.11
2024-06-09,91.12,94.26,80.11
2024-06-10,91.67,94.38,80.19
2024-06-11,92.62,96.65,81.86
2024-06-12,92.14,98.24,82.65
2024-06-13,91.15,97.71,82.08
2024-06-14,91.78,98.48,82.33
2024-06-15,91.78,98.48,82.33
2024-06-16,91.78,98.48,82.33
2024-06-17,91.78,98.48,82.33
2024-06-18,93.26,99.14,83.34
2024-06-19,94.52,101.06,84.3
2024-06-20,94.85,100.61,84.53
2024-06-21,95.95,100.93,84.79
2024-06-22,95.95,100.93,84.79
2024-06-23,95.95,100.93,84.79
2024-06-24,95.52,100.54,84.54
2024-06-25,95.57,101.15,85.29
2024-06-26,95.65,101.21,84.5
2024-06-27,96.51,102.61,84.94
2024-06-28,97.45,103.22,85.75
2024-06-29,97.45,103.22,85.75
2024-06-30,97.45,103.22,85.75
2024-07-01,97.87,101.78,85.66
2024-07-02,99.67,103.9,87.1
2024-07-03,99.3,103.17,86.59
2024-07-04,99.01,102.49,86.77
2024-07-05,99.01,102.49,86.77
2024-07-06,99.01,102.49,86.77
2024-07-07,99.01,102.49,86.77
2024-07-08,98.17,101.58,86.19
2024-07-09,97.03,100.78,85.62
2024-07-10,95.6,99.47,84.58
2024-07-11,96.48,100.41,85.48
2024-07-12,98.5,100.72,85.64
2024-07-13,98.5,100.72,85.64
2024-07-14,98.5,100.72,85.64
2024-07-15,97.85,99.66,84.68
2024-07-16,96.55,99.13,83.85
2024-07-17,96.37,98.14,83.7
2024-07-18,97.64,99.76,84.8
2024-07-19,97.64,99.76,84.8
2024-07-20,97.64,99.76,84.8
2024-07-21,97.64,99.76,84.8
2024-07-22,95.04,96.71,82.38
2024-07-23,94.99,97.01,81.95
2024-07-24,93.51,96.31,80.65
2024-07-25,94.15,96.57,80.66
2024-07-26,94.15,96.57,80.66
2024-07-27,94.15,96.57,80.66
2024-07-28,94.15,96.57,80.66
2024-07-29,95.11,96.53,79.8
2024-07-30,93.01,94.57,78.95
2024-07-31,93.39,95.13,79.55
2024-08-01,93.51,96.76,80.54
2024-08-02,92.86,95.25,79.23
2024-08-03,92.86,95.25,79.23
2024-08-04,92.86,95.25,79.23
2024-08-05,87.55,90.96,74.49
2024-08-06,87.23,91.32,75.04
2024-08-07,87.3,91.37,75.5
2024-08-08,89.62,92.84,77.14
2024-08-09,89.62,92.84,77.14
2024-08-10,89.62,92.84,77.14
2024-08-11,89.62,92.84,77.14
2024-08-12,91.37,93.65,78.67
2024-08-13,91.98,95.84,79.99
2024-08-14,90.6,95.36,79.21
2024-08-15,88.66,94.48,78.67
2024-08-16,90.15,94.49,79.04
2024-08-17,90.15,94.49,79.04
2024-08-18,90.15,94.49,79.04
2024-08-19,88.79,92.19,77.81
2024-08-20,87.02,89.37,75.68
2024-08-21,87.66,90.43,76.15
2024-08-22,85.72,88.73,75.15
2024-08-23,87.27,90.15,76.69
2024-08-24,87.27,90.15,76.69
2024-08-25,87.27,90.15,76.69
2024-08-26,89.06,92.15,78.55
2024-08-27,89.58,92.83,79.19
2024-08-28,86.67,89.04,77.7
2024-08-29,86.07,88.29,76.66
2024-08-30,89.03,90.99,78.41
2024-08-31,89.03,90.99,78.41
2024-09-01,89.03,90.99,78.41
2024-09-02,86.59,88.31,76.49
2024-09-03,87.9,89.01,76.63
2024-09-04,81.98,85.52,73.38
2024-09-05,80.92,85.16,73.39
2024-09-06,80.78,84.77,73.41
2024-09-07,80.78,84.77,73.41
2024-09-08,80.78,84.77,73.41
2024-09-09,81.59,84.01,72.28
2024-09-10,80.21,82.8,71.88
2024-09-11,79.47,81.22,70.95
2024-09-12,80.35,82.68,71.9
2024-09-13,80.31,82.93,72.79
2024-09-14,80.31,82.93,72.79
2024-09-15,80.31,82.93,72.79
2024-09-16,80.46,81.84,72.46
2024-09-17,82.54,82.16,73.3
2024-09-18,83.86,83.47,73.45
2024-09-19,86.33,84.96,74.85
2024-09-20,85.86,84.32,74.19
2024-09-21,85.86,84.32,74.19
2024-09-22,85.86,84.32,74.19
2024-09-23,85.82,84.39,74.27
2024-09-24,85.14,84.98,74.85
2024-09-25,84.78,86.23,74.99
2024-09-26,81.86,83.26,72.3
2024-09-27,81.67,84.23,72.72
2024-09-28,81.67,84.23,72.72
2024-09-29,81.67,84.23,72.72
2024-09-30,81.6,84.66,73.33
2024-10-01,79.71,83.05,70.77
2024-10-02,84.21,87.45,75.2
2024-10-03,84.86,86.45,74.44
2024-10-04,88.97,90.98,77.88
2024-10-05,88.97,90.98,77.88
2024-10-06,88.97,90.98,77.88
2024-10-07,88.88,91.76,78.15
2024-10-08,90.15,92.38,78.97
2024-10-09,88.5,90.87,77.44
2024-10-10,88.37,90.38,77.14
2024-10-11,89.88,91.86,78.59
2024-10-12,89.88,91.86,78.59
2024-10-13,89.88,91.86,78.59
2024-10-14,89.17,90.97,77.64
2024-10-15,84.88,86.8,74.29
2024-10-16,84.95,86.0,73.99
2024-10-17,85.98,86.14,74.07
2024-10-18,87.47,86.42,74.19
2024-10-19,87.47,86.42,74.19
2024-10-20,87.47,86.42,74.19
2024-10-21,85.8,85.74,73.54
2024-10-22,84.73,85.81,73.55
2024-10-23,85.75,88.12,75.06
2024-10-24,85.97,88.64,75.4
2024-10-25,84.63,87.02,73.55
2024-10-26,84.63,87.02,73.55
2024-10-27,84.63,87.02,73.55
2024-10-28,82.69,85.69,72.0
2024-10-29,82.16,85.33,70.82
2024-10-30,82.79,86.28,72.01
2024-10-31,82.79,86.28,72.01
2024-11-01,84.91,90.87,73.59
2024-11-02,84.91,90.87,73.59
2024-11-03,84.91,90.87,73.59
2024-11-04,85.84,91.02,73.52
2024-11-05,86.73,91.47,74.14
2024-11-06,84.52,90.57,73.3
2024-11-07,84.52,90.57,73.3
2024-11-08,85.81,90.21,73.85
2024-11-09,85.81,90.21,73.85
2024-11-10,85.81,90.21,73.85
2024-11-11,84.45,89.16,73.09
2024-11-12,82.87,87.15,71.08
2024-11-13,82.32,87.42,71.15
2024-11-14,82.48,87.85,71.42
2024-11-15,82.19,86.5,70.74
2024-11-16,82.19,86.5,70.74
2024-11-17,82.19,86.5,70.74
2024-11-18,83.44,87.24,70.51
2024-11-19,84.69,89.91,72.26
2024-11-20,85.43,89.75,72.85
2024-11-21,85.13,89.94,72.83
2024-11-22,86.07,91.23,74.15
2024-11-23,86.07,91.23,74.15
2024-11-24,86.07,91.23,74.15
2024-11-25,86.12,90.01,73.54
2024-11-26,84.78,89.31,72.51
2024-11-27,84.71,88.4,72.25
2024-11-28,83.13,87.58,71.85
2024-11-29,83.87,88.1,72.35
2024-11-30,83.87,88.1,72.35
2024-12-01,83.87,88.1,72.35
2024-12-02,83.6,87.71,72.1
2024-12-03,83.69,87.2,71.89
2024-12-04,83.69,87.2,71.89
2024-12-05,84.16,86.86,72.1
2024-12-06,83.27,86.46,71.71
2024-12-07,83.27,86.46,71.71
2024-12-08,83.27,86.46,71.71
2024-12-09,83.27,86.46,71.71
2024-12-10,84.31,87.18,71.67
2024-12-11,85.42,87.54,72.23
2024-12-12,86.79,89.7,73.66
2024-12-13,86.87,90.03,73.46
2024-12-14,86.87,90.03,73.46
2024-12-15,86.87,90.03,73.46
2024-12-16,86.48,90.75,74.16
2024-12-17,85.54,89.99,73.55
2024-12-18,85.4,89.79,73.6
2024-12-19,84.0,89.87,72.86
2024-12-20,83.06,89.1,72.65
2024-12-21,83.06,89.1,72.65
2024-12-22,83.06,89.1,72.65
2024-12-23,83.86,89.97,73.34
2024-12-24,83.77,89.01,73.29
2024-12-25,83.77,89.01,73.29
2024-12-26,84.46,89.2,74.55
2024-12-27,84.46,89.2,74.55
2024-12-28,84.46,89.2,74.55
2024-12-29,84.46,89.2,74.55
2024-12-30,84.46,89.2,74.55
2024-12-31,84.46,89.2,74.55
2025-01-01,84.46,89.2,74.55
2025-01-02,85.92,92.29,75.2
2025-01-03,86.22,93.47,76.52
2025-01-04,86.22,93.47,76.52
2025-01-05,86.22,93.47,76.52
2025-01-06,86.09,92.73,76.56
2025-01-07,85.84,92.39,76.32
2025-01-08,85.89,93.58,77.66
2025-01-09,84.21,92.36,76.45
2025-01-10,85.86,94.09,77.94
2025-01-11,85.86,94.09,77.94
2025-01-12,85.86,94.09,77.94
2025-01-13,89.09,99.13,82.39
2025-01-14,88.44,96.7,82.25
2025-01-15,88.1,97.61,82.26
2025-01-16,88.92,99.56,84.55
2025-01-17,87.72,100.19,84.6
2025-01-18,87.72,100.19,84.6
2025-01-19,87.72,100.19,84.6
2025-01-20,86.93,99.77,83.55
2025-01-21,85.82,97.7,83.07
2025-01-22,85.75,96.85,82.2
2025-01-23,86.31,95.61,82.12
2025-01-24,86.31,95.61,82.12
2025-01-25,86.31,95.61,82.12
2025-01-26,86.31,95.61,82.12
2025-01-27,87.49,93.29,81.58
2025-01-28,87.02,93.0,81.25
2025-01-29,87.02,93.0,81.25
2025-01-30,87.02,93.0,81.25
2025-01-31,87.06,92.89,79.9
2025-02-01,87.06,92.89,79.9
2025-02-02,87.06,92.89,79.9
2025-02-03,87.84,93.44,79.06
2025-02-04,84.87,91.37,77.45
2025-02-05,85.97,92.1,78.41
2025-02-06,84.77,90.63,77.44
2025-02-07,85.49,91.48,77.79
2025-02-08,85.49,91.48,77.79
2025-02-09,85.49,91.48,77.79
2025-02-10,86.48,91.18,77.99
2025-02-11,86.48,91.18,77.99
2025-02-12,87.69,93.87,79.04
2025-02-13,86.03,91.99,76.99
2025-02-14,86.95,92.42,77.75
2025-02-15,86.95,92.42,77.75
2025-02-16,86.95,92.42,77.75
2025-02-17,87.68,91.92,77.55
2025-02-18,87.99,92.16,77.89
2025-02-19,88.43,92.75,79.39
2025-02-20,88.11,93.2,78.95
2025-02-21,86.91,93.22,78.84
2025-02-22,86.91,93.22,78.84
2025-02-23,86.91,93.22,78.84
2025-02-24,85.82,90.82,77.0
2025-02-25,86.01,91.2,77.8
2025-02-26,83.78,89.16,76.29
2025-02-27,83.41,88.2,76.0
2025-02-28,83.34,88.2,77.5
2025-03-01,83.34,88.2,77.5
2025-03-02,83.34,88.2,77.5
2025-03-03,83.79,88.65,73.25
2025-03-04,80.03,86.88,70.45
2025-03-05,79.94,86.92,71.4
2025-03-06,78.59,86.06,70.24
2025-03-07,78.69,86.13,70.85
2025-03-08,78.69,86.13,70.85
2025-03-09,78.69,86.13,70.85
2025-03-10,78.55,86.32,71.41
2025-03-11,77.98,85.24,70.51
2025-03-12,79.15,85.54,70.65
2025-03-13,80.46,85.81,72.06
2025-03-14,80.05,84.93,71.55
2025-03-15,80.05,84.93,71.55
2025-03-16,80.05,84.93,71.55
2025-03-17,81.04,85.55,72.24
2025-03-18,81.95,86.01,73.05
2025-03-19,80.27,84.83,71.9
2025-03-20,80.97,86.18,72.925
2025-03-21,81.9,86.73,73.8
2025-03-22,81.9,86.73,73.8
2025-03-23,81.9,86.73,73.8
2025-03-24,82.07,86.77,73.45
2025-03-25,83.15,87.09,74.68
2025-03-26,83.45,87.88,74.68
2025-03-27,83.88,87.83,74.81
2025-03-28,84.1,88.19,75.85
2025-03-29,84.1,88.19,75.85
2025-03-30,84.1,88.19,75.85
2025-03-31,84.1,88.19,75.85
2025-04-01,85.57,89.19,75.95
2025-04-02,85.91,88.8,76.14
2025-04-03,83.12,87.2,75.1
2025-04-04,77.52,82.67,70.5
2025-04-05,77.52,82.67,70.5
2025-04-06,77.52,82.67,70.5
2025-04-07,72.28,78.22,64.55
2025-04-08,73.41,79.52,65.2
2025-04-09,70.34,75.9,61.9
2025-04-10,72.44,79.0,65.4
2025-04-11,71.93,78.55,64.9
2025-04-12,71.93,78.55,64.9
2025-04-13,71.93,78.55,64.9
2025-04-14,74.29,79.97,66.23
2025-04-15,74.65,80.72,66.59
2025-04-16,75.04,80.93,66.65
2025-04-17,76.74,81.93,68.15
2025-04-18,76.74,81.93,68.15
2025-04-19,76.74,81.93,68.15
2025-04-20,76.74,81.93,68.15
2025-04-21,76.84,81.89,68.43
2025-04-22,77.15,82.08,68.5
2025-04-23,78.76,83.43,69.49
2025-04-24,77.62,81.85,67.59
2025-04-25,78.45,82.61,67.2
2025-04-26,78.45,82.61,67.2
2025-04-27,78.45,82.61,67.2
2025-04-28,78.17,82.54,66.84
2025-04-29,76.83,81.26,64.64
2025-04-30,74.78,79.02,62.545
2025-05-01,74.78,79.02,62.545
2025-05-02,75.24,78.35,62.02
2025-05-03,75.24,78.35,62.02
2025-05-04,75.24,78.35,62.02
2025-05-05,73.1,76.5,59.55
2025-05-06,74.67,77.7,61.69
2025-05-07,76.52,78.59,63.64
2025-05-08,74.88,77.13,62.15
2025-05-09,76.72,78.92,63.89
2025-05-10,76.72,78.92,63.89
2025-05-11,76.72,78.92,63.89
2025-05-12,76.72,78.92,63.89
2025-05-13,77.69,80.87,65.25
2025-05-14,78.68,82.49,66.0
2025-05-15,76.57,80.85,63.71
2025-05-16,76.6,80.48,63.79
2025-05-17,76.6,80.48,63.79
2025-05-18,76.6,80.48,63.79
2025-05-19,76.59,80.33,64.26
2025-05-20,76.33,80.35,65.01
2025-05-21,77.54,80.86,66.05
2025-05-22,77.12,78.91,63.72
2025-05-23,76.75,78.34,63.2
2025-05-24,76.75,78.34,63.2
2025-05-25,76.75,78.34,63.2
2025-05-26,77.26,79.19,63.75
2025-05-27,76.86,79.08,64.01
2025-05-28,76.5,78.91,63.79
2025-05-29,77.4,80.62,65.33
2025-05-30,76.02,78.82,63.845
2025-05-31,76.02,78.82,63.845
2025-06-01,76.02,78.82,63.845
2025-06-02,77.31,80.02,63.96
2025-06-03,77.7,80.23,64.24
2025-06-04,78.1,81.26,64.64
2025-06-05,77.06,80.43,64.05
2025-06-06,77.44,81.04,64.44
2025-06-07,77.44,81.04,64.44
2025-06-08,77.44,81.04,64.44
2025-06-09,78.69,82.35,65.8
2025-06-10,80.06,82.73,66.85
2025-06-11,80.07,82.51,66.62
2025-06-12,81.75,84.64,68.59
2025-06-13,85.44,88.37,72.5
2025-06-14,85.44,88.37,72.5
2025-06-15,85.44,88.37,72.5
2025-06-16,85.14,90.66,72.89
2025-06-17,85.82,91.64,73.655
2025-06-18,87.49,94.52,75.52
2025-06-19,88.86,98.07,76.9
2025-06-20,89.81,97.82,76.85
2025-06-21,89.81,97.82,76.85
2025-06-22,89.81,97.82,76.85
2025-06-23,89.27,94.73,75.72
2025-06-24,82.55,86.85,68.755
2025-06-25,81.1,87.73,67.81
2025-06-26,79.86,86.99,67.65
2025-06-27,79.59,87.98,68.44
2025-06-28,79.59,87.98,68.44
2025-06-29,79.59,87.98,68.44
2025-06-30,79.2,87.11,68.75
2025-07-01,79.36,87.06,68.15
2025-07-02,80.1,88.6,68.6
2025-07-03,80.19,89.65,69.61
2025-07-04,80.68,89.1,69.56
2025-07-05,80.68,89.1,69.56
2025-07-06,80.68,89.1,69.56
2025-07-07,80.11,90.21,69.44
2025-07-08,79.99,89.76,70.46
2025-07-09,81.39,91.84,71.8
2025-07-10,80.3,90.43,71.25
2025-07-11,79.29,89.68,70.05
2025-07-12,79.29,89.68,70.05
2025-07-13,79.29,89.68,70.05
2025-07-14,80.84,92.57000000000001,72.19
2025-07-15,78.87,89.76,70.19
2025-07-16,79.2,89.99000000000001,69.89
2025-07-17,79.08,90.44000000000001,69.56
2025-07-18,79.42,93.88000000000001,70.78
2025-07-19,79.42,93.88000000000001,70.78
2025-07-20,79.42,93.88000000000001,70.78
2025-07-21,78.69,91.89,70.8
2025-07-22,78.08,92.64,70.52
2025-07-23,77.26,90.89,70.4
2025-07-24,78.14,92.64,71.17
2025-07-25,78.22,91.61,71.79
2025-07-26,78.22,91.61,71.79
2025-07-27,78.22,91.61,71.79
2025-07-28,77.92,90.89,71.1
2025-07-29,79.49,91.75,72.5
2025-07-30,81.72,92.84,74.95
2025-07-31,82.4,93.5,75.25
2025-08-01,81.46,92.68,73.74
2025-08-02,81.46,92.68,73.74
2025-08-03,81.46,92.68,73.74
2025-08-04,79.18,89.41,70.84
2025-08-05,79.02,89.41,70.33
2025-08-06,78.93,87.91,70.35
2025-08-07,77.92,86.27,69.33
2025-08-08,78.6,86.64,68.5
2025-08-09,78.6,86.64,68.5
2025-08-10,78.6,86.64,68.5
2025-08-11,79.23,85.44,68.03
2025-08-12,80.53,86.89,68.5
2025-08-13,79.43,84.95,67.39
2025-08-14,79.84,84.83,67.7
2025-08-15,80.6,83.61,68.19
2025-08-16,80.6,83.61,68.19
2025-08-17,80.6,83.61,68.19
2025-08-18,79.42,83.09,67.65
2025-08-19,79.02,83.85,68.04
2025-08-20,80.77,85.35,68.8
2025-08-21,81.77,85.66,69.66
2025-08-22,82.69,86.78,69.9
2025-08-23,82.69,86.78,69.9
2025-08-24,82.69,86.78,69.9
2025-08-25,81.54,86.89,70.0
2025-08-26,81.12,86.72,70.35
2025-08-27,79.35,85.53,69.25
2025-08-28,80.24,85.75,69.7
2025-08-29,81.37,86.33,70.5
2025-08-30,81.37,86.33,70.5
2025-08-31,81.37,86.33,70.5
2025-09-01,81.25,86.22,70.71
2025-09-02,82.72,88.12,71.71
2025-09-03,82.95,89.85,71.53
2025-09-04,81.45,88.45,69.48
2025-09-05,81.6,88.49,69.2
2025-09-06,81.6,88.49,69.2
2025-09-07,81.6,88.49,69.2
2025-09-08,81.23,88.18,69.2
2025-09-09,81.53,88.86,69.72
2025-09-10,81.84,88.82,70.4
2025-09-11,82.05,89.18,70.7
2025-09-12,81.4,88.0,69.51
2025-09-13,81.4,88.0,69.51
2025-09-14,81.4,88.0,69.51
2025-09-15,83.32,88.98,70.89
2025-09-16,83.4,88.98,70.25
2025-09-17,83.21,90.61,70.69
2025-09-18,82.22,89.43,70.44
2025-09-19,80.89,88.75,69.33
2025-09-20,80.89,88.75,69.33
2025-09-21,80.89,88.75,69.33
2025-09-22,79.8,88.16,68.6
2025-09-23,79.23,87.56,68.24
2025-09-24,80.23,89.37,69.87
2025-09-25,81.05,90.75,70.55
2025-09-26,81.84,92.58,70.64
2025-09-27,81.84,92.58,70.64
2025-09-28,81.84,92.58,70.64
2025-09-29,81.78,91.87,69.25
2025-09-30,79.2,88.78,69.34
2025-10-01,79.57,90.2,66.55
2025-10-02,78.13,89.5,65.29
2025-10-03,77.05,88.01,66.69
2025-10-04,77.05,88.01,66.69
2025-10-05,77.05,88.01,66.69
2025-10-06,78.05,87.83,65.62
2025-10-07,78.93,87.7,65.66
2025-10-08,79.45,88.55,65.85
2025-10-09,80.3,89.56,66.44
2025-10-10,79.46,88.23,64.89
2025-10-11,79.46,88.23,64.89
2025-10-12,79.46,88.23,64.89
2025-10-13,78.69,86.89,63.45
2025-10-14,78.36,85.63,62.52
2025-10-15,78.5,85.23,62.53
2025-10-16,78.98,84.7,62.44
2025-10-17,77.59,83.37,61.32
2025-10-18,77.59,83.37,61.32
2025-10-19,77.59,83.37,61.32
2025-10-20,77.59,83.37,61.32
2025-10-21,77.65,84.44,61.81
2025-10-22,78.59,86.13,63.48
2025-10-23,77.65,90.52,67.75
2025-10-24,82.82,92.91,68.84
2025-10-25,82.82,92.91,68.84
2025-10-26,82.82,92.91,68.84
2025-10-27,82.51,93.42,66.0
2025-10-28,82.08,93.7,64.96
2025-10-29,82.28,92.15,64.16
2025-10-30,82.62,92.83,66.42
2025-10-31,81.78,94.09,67.65
2025-11-01,81.78,94.09,67.65
2025-11-02,81.78,94.09,67.65
2025-11-03,82.63,94.24,66.7
2025-11-04,81.13,93.03,65.38
2025-11-05,80.8,94.43,65.605
2025-11-06,81.25,94.8,64.65
2025-11-07,81.88,97.15,64.95
2025-11-08,81.88,97.15,64.95
2025-11-09,81.88,97.15,64.95
2025-11-10,82.8,95.83,65.34
2025-11-11,83.15,96.48,64.96
2025-11-12,83.79,98.45,65.84
2025-11-13,81.53,94.69,63.59
2025-11-14,83.15,95.02,65.75
2025-11-15,83.15,95.02,65.75
2025-11-16,83.15,95.02,65.75
2025-11-17,83.15,95.43,64.64
2025-11-18,82.73,96.81,64.5
2025-11-19,81.03,99.49,64.45
2025-11-20,79.42,97.33,64.4
2025-11-21,79.01,91.44,62.69
2025-11-22,79.01,91.44,62.69
2025-11-23,79.01,91.44,62.69
2025-11-24,78.93,88.52,62.65
2025-11-25,79.26,88.12,63.37
2025-11-26,81.16,86.41,62.83
2025-11-27,81.44,86.49,63.73
2025-11-28,81.86,87.81,64.14
2025-11-29,81.86,87.81,64.14
2025-11-30,81.86,87.81,64.14
2025-12-01,82.51,87.8,64.24
2025-12-02,82.55,86.96,63.76
2025-12-03,80.8,85.67,63.4
2025-12-04,80.04,85.69,63.5
2025-12-05,79.94,85.89,63.86
2025-12-06,79.94,85.89,63.86
2025-12-07,79.94,85.89,63.86
2025-12-08,80.6,86.63,64.36
2025-12-09,79.45,84.5,62.68
2025-12-10,79.42,83.64,62.19
2025-12-11,79.63,82.58,61.57
2025-12-12,79.25,82.8,61.75
2025-12-13,79.25,82.8,61.75
2025-12-14,79.25,82.8,61.75
2025-12-15,78.52,81.6,61.25
2025-12-16,75.72,80.08,59.93
2025-12-17,74.53,79.39,59.72
2025-12-18,74.63,80.23,60.32
2025-12-19,73.56,78.92,60.01
2025-12-20,73.56,78.92,60.01
2025-12-21,73.56,78.92,60.01
2025-12-22,74.61,79.3,61.2
2025-12-23,74.56,79.87,62.15
2025-12-24,74.49,81.09,62.35
2025-12-25,74.49,81.09,62.35
2025-12-26,74.54,80.56,62.22
2025-12-27,74.54,80.56,62.22
2025-12-28,74.54,80.56,62.22
2025-12-29,73.6,79.38,61.25
2025-12-30,73.8,79.74,61.73
2025-12-31,73.81,80.28,61.57
2026-01-01,73.81,80.28,61.57
2026-01-02,72.58,79.4,60.31
2026-01-03,72.58,79.4,60.31
2026-01-04,72.58,79.4,60.31
2026-01-05,71.36,78.1,58.25
2026-01-06,72.57,79.56,59.4
2026-01-07,70.58,77.33,58.3
2026-01-08,71.16,77.11,58.32
2026-01-09,73.03,79.58,60.8
2026-01-10,73.03,79.58,60.8
2026-01-11,73.03,79.58,60.8
2026-01-12,72.9,79.98,61.41
2026-01-13,73.45,81.31,61.76
2026-01-14,73.42,82.47,62.41
2026-01-15,72.55,81.77,62.55
2026-01-16,71.76,81.69,62.28
2026-01-17,71.76,81.69,62.28
2026-01-18,71.76,81.69,62.28
2026-01-19,71.95,82.11,61.95
2026-01-20,72.36,82.53,61.8
2026-01-21,73.22,83.93,62.34
2026-01-22,73.64,85.38,63.21
2026-01-23,73.5,84.16,62.27
2026-01-24,73.5,84.16,62.27
2026-01-25,73.5,84.16,62.27
2026-01-26,73.88,85.79,63.56
2026-01-27,72.35,84.04,62.88
2026-01-28,74.54,86.7,64.66
2026-01-29,75.75,88.6,66.35
2026-01-30,75.44,88.81,66.54
2026-01-31,75.44,88.81,66.54
2026-02-01,75.44,88.81,66.54
2026-02-02,72.54,87.39,64.99
2026-02-03,72.82,86.72,65.01
2026-02-04,74.68,88.3,66.79
2026-02-05,75.06,88.56,67.43
2026-02-06,75.24,89.53,67.74
2026-02-07,75.24,89.53,67.74
2026-02-08,75.24,89.53,67.74
2026-02-09,76.56,88.18,66.8
2026-02-10,78.41,88.82,68.0
2026-02-11,77.63,89.72,68.6
2026-02-12,77.16,89.69,68.69
2026-02-13,73.85,87.47,66.87
2026-02-14,73.85,87.47,66.87
2026-02-15,73.85,87.47,66.87
2026-02-16,73.8,87.04,67.05
2026-02-17,73.8,87.04,67.05
2026-02-18,73.8,87.04,67.05
2026-02-19,78.09,91.87,70.15
2026-02-20,79.95,93.14,70.7
2026-02-21,79.95,93.14,70.7
2026-02-22,79.95,93.14,70.7
2026-02-23,79.75,91.86,70.03
2026-02-24,81.35,92.6,70.48
2026-02-25,81.46,92.41,70.1
2026-02-26,81.74,92.61,70.54
2026-02-27,82.09,92.88,71.23
2026-02-28,82.09,92.88,71.23
2026-03-01,82.09,92.88,71.23
2026-03-02,92.78,115.15,80.8
2026-03-03,98.65,125.87,82.35
2026-03-04,104.35,145.14,86.35
2026-03-05,110.97,153.21,94.95
2026-03-06,121.36,155.76,100.45
2026-03-07,121.36,155.76,100.45
2026-03-08,121.36,155.76,100.45
2026-03-09,147.5,185.43,125.0
2026-03-10,127.42,161.4,115.2
2026-03-11,129.17,164.56,119.55
2026-03-12,143.44,194.5,134.4
2026-03-13,149.76,192.48,145.51
2026-03-14,149.76,192.48,145.51
2026-03-15,149.76,192.48,145.51
2026-03-16,153.48,190.93,153.24
2026-03-17,152.16,198.2,157.66
2026-03-18,153.12,198.88,155.55
2026-03-19,165.25,224.5,166.8
2026-03-20,163.93,223.02,158.85
2026-03-21,163.93,223.02,158.85
2026-03-22,163.93,223.02,158.85
2026-03-23,170.52,242.91,169.75
2026-03-24,146.36,219.93,157.0
2026-03-25,135.6,205.62,142.55
2026-03-26,132.03,216.56,113.04
2026-03-27,135.07,237.81,122.14
2026-03-28,135.07,237.81,122.14
2026-03-29,135.07,237.81,122.14
2026-03-30,147.0,252.15,125.29
2026-03-31,145.8,238.89,121.1
2026-04-01,143.29,246.0,108.9
2026-04-02,151.74,292.82,114.6
2026-04-03,151.74,292.82,114.6
2026-04-04,151.74,292.82,114.6
2026-04-05,151.74,292.82,114.6
2026-04-06,150.88,272.64,120.2
2026-04-07,147.22,255.36,121.86
2026-04-08,125.82,198.36,101.2
2026-04-09,135.04,211.03,102.0
2026-04-10,133.88,210.16,100.86
2026-04-11,133.88,210.16,100.86
2026-04-12,133.88,210.16,100.86
2026-04-13,135.93,203.24,106.5
2026-04-14,128.99,191.77,103.15
2026-04-15,125.23,173.33,101.09
2026-04-16,122.29,172.2,101.8
2026-04-17,128.19,170.31,102.2
2026-04-18,128.19,170.31,102.2
2026-04-19,128.19,170.31,102.2
2026-04-20,124.43,155.07,98.5
2026-04-21,123.98,152.84,94.27
2026-04-22,128.89,167.21,100.4
2026-04-23,130.57,171.29,104.81
2026-04-24,131.72,172.84,107.2
2026-04-25,131.72,172.84,107.2
2026-04-26,131.72,172.84,107.2
2026-04-27,133.04,174.03,104.2
2026-04-28,131.54,167.39,107.2
2026-04-29,134.06,169.48,106.49
2026-04-30,137.61,178.67,112.2
2026-05-01,137.61,178.67,112.2
2026-05-02,137.61,178.67,112.2
2026-05-03,137.61,178.67,112.2
2026-05-04,133.29,160.72,102.81
2026-05-05,137.67,160.95,106.6
2026-05-06,134.4,157.04,103.69
2026-05-07,127.53,149.2,97.59
2026-05-08,124.89,153.47,97.39
2026-05-09,124.89,153.47,97.39
2026-05-10,124.89,153.47,97.39
2026-05-11,130.03,155.32,101.11
2026-05-12,134.73,160.25,104.9
2026-05-13,137.01,165.41,104.9
2026-05-14,139.1,161.88,105.5
2026-05-15,139.24,163.47,107.3
2026-05-16,139.24,163.47,107.3
2026-05-17,139.24,163.47,107.3
2026-05-18,142.12,165.04,107.89
2026-05-19,141.35,166.59,106.8
2026-05-20,137.05,163.92,106.6
2026-05-21,130.16,156.75,103.7
2026-05-22,127.85,153.49,104.01
2026-05-23,127.85,153.49,104.01
2026-05-24,127.85,153.49,104.01
2026-05-25,124.81,143.32,98.09
2026-05-26,124.89,144.31,98.01
2026-05-27,124.89,144.31,98.01
2026-05-28,118.51,140.71,99.21
2026-05-29,114.72,137.65,103.7
2026-05-30,114.72,137.65,103.7
2026-05-31,114.72,137.65,103.7
2026-06-01,114.72,137.65,103.7
2026-06-02,117.58,146.41,103.7
2026-06-03,120.69,154.46,97.41
2026-06-04,117.38,150.38,95.51
2026-06-05,115.02,140.58,91.25
2026-06-06,115.02,140.58,91.25
2026-06-07,115.02,140.58,91.25
2026-06-08,122.52,146.02,93.6
2026-06-09,120.21,139.06,89.59
2026-06-10,118.58,137.08,87.1
2026-06-11,119.75,138.16,88.57
2026-06-12,113.23,127.22,83.18
2026-06-13,113.23,127.22,83.18
2026-06-14,113.23,127.22,83.18
2026-06-15,108.39,120.63,78.9
2026-06-16,107.85,116.96,73.19
2026-06-17,105.34,115.43,73.91
2026-06-18,104.85,112.92,73.09
2026-06-19,106.37,113.48,73.61
2026-06-20,106.37,113.48,73.61
2026-06-21,106.37,113.48,73.61
2026-06-22,106.62,115.26,72.87
2026-06-23,103.65,111.32,71.77
2026-06-24,100.8,112.25,67.29
2026-06-25,99.08,112.4,64.39
2026-06-26,100.47,111.6,64.69
2026-06-27,100.47,111.6,64.69
2026-06-28,100.47,111.6,64.69
2026-06-29,102.19,112.91,67.5
2026-06-30,101.0,113.99,68.29
2026-07-01,97.72,115.9,66.29
2026-07-02,95.91,117.52,63.3
2026-07-03,98.35,114.98,63.8
2026-07-04,98.35,114.98,63.8
2026-07-05,98.35,114.98,63.8
2026-07-06,99.69,116.35,64.1
2026-07-07,96.6,117.8,66.49
2026-07-08,96.79,121.04,70.2
2026-07-09,97.21,127.1,70.47
2026-07-10,98.89,125.58,69.5
2026-07-11,98.89,125.58,69.5
2026-07-12,98.89,125.58,69.5
2026-07-13,101.09,132.84,72.3
2026-07-14,111.47,153.97,83.2
2026-07-15,109.8,146.78,79.29
2026-07-16,108.86,143.56,75.79
2026-07-17,110.88,148.53,76.9
2026-07-18,110.88,148.53,76.9
2026-07-19,110.88,148.53,76.9
2026-07-20,115.38,149.92,79.71
2026-07-21,117.66,153.95,82.49
2026-07-22,124.92,163.59,89.41
2026-07-23,128.33,167.62,97.19
2026-07-24,123.13,165.01,90.4
2026-07-25,123.13,165.01,90.4
2026-07-26,123.13,165.01,90.4
2026-07-27,119.19,156.56,82.2
2026-07-28,117.18,154.16,78.59
2026-07-29,118.57,158.32,79.9
2026-07-30,121.72,163.07,81.91
2026-07-31,118.73,160.38,81.8
2026-08-01,118.73,160.38,81.8
2026-08-02,118.73,160.38,81.8
2026-08-03,112.73,157.69,78.21
2026-08-04,111.74,148.67,82.9
2026-08-05,104.67,142.82,79.5
2026-08-06,105.09,143.55,77.44
2026-08-07,109.89,149.03,80.75
2026-08-08,109.89,149.03,80.75
2026-08-09,109.89,149.03,80.75
2026-08-10,109.89,149.03,80.75
2026-08-11,116.61,160.23,88.99
2026-08-12,115.01,158.72,88.74
2026-08-13,114.59,158.59,88.22
2026-08-14,115.23,161.27,88.5
2026-08-15,115.23,161.27,88.5
2026-08-16,115.23,161.27,88.5
2026-08-17,115.55,159.76,87.85
2026-08-18,118.44,165.22,90.29
2026-08-19,119.14,165.92,93.6
